Date,OPEN_INT,PX_VOLUME
#NAME?,339658,137680
43346,338669,106979
43343,337135,126084
43342,149446,142105
43341,216045,138347
43340,291356,137986
43339,362260,114156
43336,393698,90217
43335,403564,87310
43333,402266,69066
43332,400140,69230
43329,394155,88459
43328,383201,97174
43326,379105,80902
43325,374047,103465
43322,377738,78788
43321,375556,62547
43320,367459,90061
43319,355716,71411
43318,351397,63141
43315,349560,92094
43314,339593,96919
43313,345088,100944
43312,333817,82181
43311,317189,83919
43308,303871,96478
43307,103216,166178
43306,189191,121688
43305,248989,140678
43304,299765,98673
43301,321319,97688
43300,318583,105793
43299,326916,135516
43298,333885,118443
43297,326228,99671
43294,336051,108030
43293,335506,127629
43292,324314,102602
43291,314418,103926
43290,301911,83138
43287,288245,105650
43286,283997,86549
43285,282373,109475
43284,270952,117896
43283,264130,122927
43280,263760,136575
43279,143392,211887
43278,222552,181753
43277,272445,154542
43276,305782,140381
43273,319249,124881
43272,328685,101327
43271,327632,111129
43270,329926,123033
43269,331770,76499
43266,328517,151411
43265,318215,101496
43264,327355,81285
43263,316409,97850
43262,309810,95392
43259,298128,112454
43258,291091,119797
43257,275171,134399
43256,272872,114801
43255,271297,128661
43252,259934,109917
43251,155895,157465
43250,215815,166128
43249,252808,143770
43248,278093,95794
43245,295167,140510
43244,301229,127346
43243,307764,135503
43242,307172,97654
43241,309471,113639
43238,320852,122668
43237,313686,96769
43236,314705,128180
43235,320526,184645
43234,327427,75630
43231,334416,107214
43230,320970,85580
43229,325107,81762
43228,319607,85211
43227,318112,74407
43224,314857,88477
43223,316269,97986
43222,316312,88831
43220,317268,66057
43217,311513,109341
43216,117652,171470
43215,222208,159884
43214,282367,131555
43213,328947,124356
43210,351912,106390
43209,353616,75007
43208,353009,117774
43207,348068,97515
43206,342531,104621
43203,339457,116924
43202,330103,115129
43201,315882,107388
43200,301223,103777
43199,298575,103791
43196,293231,101542
43195,285236,161067
43194,293892,204248
43193,260734,122959
43192,255299,116332
43187,127178,185310
43186,178056,172547
43185,223901,235039
43182,295998,196128
43181,304727,167097
43180,305740,173630
43179,308152,169571
43178,307090,189024
43175,317101,212317
43174,305272,111358
43173,296304,150514
43172,295346,193274
43171,301211,187584
43168,304542,149319
43167,307084,184511
43166,316942,198900
43165,323675,186130
43164,307999,163559
43160,298672,128141
43159,283887,146723
43158,281726,123438
43157,269765,98361
43154,261988,157193
43153,154655,204434
43152,228407,157039
43151,271009,183616
43150,289609,218292
43147,307254,184944
43146,307135,179299
43145,312658,130989
43143,314838,134039
43140,298522,212253
43139,278182,204765
43138,288784,190750
43137,289188,410886
43136,292041,178159
43133,304647,240940
43132,318180,373298
43131,328840,124270
43130,343733,107569
43129,341204,107167
43125,176887,250289
43124,288706,156044
43123,331909,179759
43122,371082,138891
43119,409104,127613
43118,409950,151174
43117,409899,136928
43116,399861,122028
43115,396744,109996
43112,383158,146061
43111,380304,97612
43110,379611,94102
43109,367145,88149
43108,350902,76784
43105,337024,92019
43104,318822,91188
43103,313528,122198
43102,302942,124085
43101,300869,102018
43098,310202,107073
43097,111540,218652
43096,179756,155506
43095,240327,97197
43091,236402,114189
43090,242149,91812
43089,257302,111456
43088,260585,102962
43087,259566,313772
43084,263182,137094
43083,279155,149838
43082,286063,164959
43081,284956,86381
43080,282228,82750
43077,278224,115116
43076,271235,135736
43075,272756,131173
43074,259835,130324
43073,245254,113136
43070,236676,161800
43069,137971,184822
43068,187640,98968
43067,213855,93776
43066,235080,110277
43063,265267,93585
43062,282448,100288
43061,289789,84060
43060,295540,87712
43059,308310,65964
43056,307420,121489
43055,310558,117205
43054,322834,123310
43053,330957,109864
43052,347035,103715
43049,343093,125213
43048,329559,118648
43047,328740,111446
43046,329596,179412
43045,348273,84536
43042,346061,73176
43041,338524,67168
43040,324315,93341
43039,316562,61583
43038,313083,57333
43035,306060,77006
43034,115890,206312
43033,232950,161357
43032,279733,146990
43031,325302,153030
43027,348365,45171
43026,352930,81808
43025,357322,68350
43024,356703,120722
43021,355473,133120
43020,351463,115831
43019,336906,129457
43018,323084,59681
43017,315386,67207
43014,311451,99044
43013,311561,84589
43012,299035,121377
43011,283255,89203
43007,273454,134714
43006,118040,199784
43005,189700,196190
43004,235161,126602
43003,260657,171495
43000,272955,163490
42999,275372,118162
42998,278495,52238
42997,273436,60582
42996,272826,73440
42993,279291,119934
42992,277901,80249
42991,273630,94799
42990,265848,89824
42989,263615,90944
42986,259165,79511
42985,255474,65527
42984,253664,88389
42983,242188,92314
42982,232783,131660
42979,225502,88747
42978,158681,182737
42977,225203,124536
42976,265134,159499
42975,303222,105188
42971,321127,67927
42970,323711,106912
42969,334681,139197
42968,340977,123699
42965,333903,133438
42964,333192,112740
42963,314526,145494
42961,304386,91112
42958,310801,173868
42957,300426,141549
42956,310240,118624
42955,306381,148356
42954,289382,50737
42951,286148,104921
42950,290120,88306
42949,280897,84710
42948,269599,59887
42947,267050,68518
42944,258768,138647
42943,106032,219471
42942,164562,126068
42941,193887,102677
42940,222641,111442
42937,240154,130311
42936,242723,87052
42935,245982,93349
42934,252423,146263
42933,277938,76742
42930,285741,75641
42929,289378,88357
42928,278084,91556
42927,272501,88141
42926,267834,104771
42923,271307,70717
42922,270535,98950
42921,271230,64625
42920,268982,100002
42919,263574,129840
42916,260980,120548
42915,100505,220951
42914,139191,136145
42913,176918,210316
42909,259700,116346
42908,271568,120638
42907,279941,76942
42906,280963,47126
42905,281542,95051
42902,282815,78625
42901,287854,80763
42900,285687,78573
42899,290218,68823
42898,290676,101912
42895,293213,103553
42894,295729,60355
42893,293729,79430
42892,287768,74042
42891,294942,75158
42888,295325,74161
42887,295938,70094
42886,291627,88163
42885,277317,82581
42884,273286,144402
42881,252815,122805
42880,93453,201508
42879,155497,210649
42878,204114,179973
42877,237564,113056
42874,254790,164078
42873,267281,134391
42872,296573,73353
42871,289864,107373
42870,281478,52787
42867,274861,91721
42866,281816,71500
42865,275538,111474
42864,258285,70846
42863,253873,75939
42860,250830,123084
42859,262417,90338
42858,260210,69777
42857,257213,114045
42853,257244,98148
42852,141273,174725
42851,210327,178016
42850,223641,173277
42849,221527,171698
42846,248653,133239
42845,260452,85729
42844,265665,95969
42843,266615,167744
42842,270539,67414
42838,272023,88323
42837,279022,149706
42836,280269,105610
42835,275841,89731
42832,280411,105144
42831,284640,103953
42830,293857,91210
42828,298205,104916
42825,305944,96750
42824,166482,156367
42823,217555,141173
42822,261828,136796
42821,285096,171644
42818,343781,93896
42817,349609,97203
42816,349146,142176
42815,344838,100487
42814,340945,73494
42811,331857,111152
42810,347285,99303
42809,337109,73550
42808,335904,190327
42804,311325,115008
42803,303372,93016
42802,295528,118774
42801,291299,59040
42800,288268,92519
42797,287147,110827
42796,294957,146853
42795,299448,113075
42794,284189,88565
42793,284859,94201
42789,109467,185747
42788,179215,155133
42787,216966,174589
42786,289262,115075
42783,323382,137805
42782,328267,103632
42781,334547,171595
42780,311346,89528
42779,297577,118500
42776,289139,87575
42775,290146,155576
42774,290243,116252
42773,287579,85012
42772,291391,110169
42769,286480,90734
42768,288784,137422
42767,278143,256338
42766,259295,151198
42765,265866,91222
42762,258526,124832
42760,93844,190937
42759,143774,178727
42758,206426,155352
42755,239861,142458
42754,269317,79581
42753,274147,117493
42752,262468,97186
42751,268515,81879
42748,265554,99975
42747,275284,108255
42746,258078,115758
42745,249466,79420
42744,249437,62644
42741,249697,111583
42740,250317,143845
42739,233723,90638
42738,229731,113527
42737,227082,111530
42734,228094,114999
42733,98640,154135
42732,140770,180872
42731,177088,178213
42730,192165,129296
42727,181407,139593
42726,171968,146045
42725,190323,77520
42724,192079,104439
42723,194275,63952
42720,198332,107524
42719,207792,188405
42718,221082,100519
42717,226139,96307
42716,220039,116984
42713,228683,91161
42712,224870,145413
42711,211100,142128
42710,206663,99946
42709,206945,125464
42706,209783,160118
42705,214695,105795
42704,208002,141525
42703,201226,134021
42702,196701,120167
42699,188635,162248
42698,124199,218779
42697,170033,189589
42696,203478,191046
42695,222069,223161
42692,232786,152215
42691,250603,166024
42690,251931,195753
42689,260448,254311
42685,233551,247448
42684,226977,185038
42683,222399,457804
42682,213637,116708
42681,214401,112007
42678,229963,166025
42677,227232,120281
42676,229535,136032
42675,231595,108683
42673,236770,24342
42671,236428,131406
42670,107793,195890
42669,164992,166876
42668,187051,154822
42667,221307,114831
42664,243042,105091
42663,248245,120834
42662,239641,104460
42661,245651,160630
42660,250122,145581
42657,256613,120818
42656,264042,193034
42653,283201,70929
42650,285551,119128
42649,294514,136378
42648,297285,110104
42647,295940,143540
42646,293234,162104
42643,304416,182025
42642,172259,308550
42641,230284,145082
42640,274611,187869
42639,333225,211371
42636,417882,95560
42635,429730,144079
42634,432327,128146
42633,430576,88745
42632,432228,83130
42629,428375,180007
42628,427296,100678
42627,434990,114940
42625,437427,185188
42622,445808,141330
42621,457973,93049
42620,453392,102380
42619,451941,107095
42615,442223,95337
42614,448335,109257
42613,440318,163435
42612,406019,176782
42611,370169,140642
42608,363989,130050
42607,69603,194304
42606,123931,154128
42605,164685,229896
42604,242180,197137
42601,309485,93335
42600,317948,129887
42599,327747,126929
42598,331168,140465
42594,328452,140132
42593,340128,133499
42592,340892,158553
42591,328559,121323
42590,328949,89213
42587,319538,144047
42586,316250,143202
42585,320091,169582
42584,304156,122088
42583,300343,161712
42580,295682,107539
42579,181879,158883
42578,235483,207432
42577,272261,182837
42576,285726,180035
42573,310172,120624
42572,308371,122537
42571,313607,95196
42570,305321,150283
42569,298396,125612
42566,300259,147492
42565,294146,105038
42564,285820,103989
42563,283424,109220
42562,265916,149095
42559,243535,131519
42558,248887,101433
42556,252364,111772
42555,254384,107343
42552,250054,122603
42551,74820,222297
42550,109290,155306
42549,143400,166179
42548,161580,198257
42545,179147,425112
42544,211842,144451
42543,207476,140721
42542,225256,101659
42541,233043,200754
42538,227484,152210
42537,227450,236177
42536,247621,155032
42535,254818,160367
42534,276721,173539
42531,286434,206860
42530,286714,139553
42529,286640,85867
42528,288748,152776
42527,279891,87388
42524,282570,111882
42523,286928,138830
42522,286658,125472
42521,288402,144169
42520,289278,115182
42517,279172,182486
42516,101429,208309
42515,153414,254189
42514,182229,151066
42513,194933,192597
42510,208346,162319
42509,219992,193420
42508,214556,196154
42507,221387,153461
42506,215985,186817
42503,217152,211856
42502,227253,172530
42501,222938,244803
42500,246446,143307
42499,242913,202463
42496,234782,145857
42495,243372,186202
42494,255892,163238
42493,263942,245455
42492,264170,148514
42489,275491,208110
42488,98744,242315
42487,129450,134920
42486,157120,235865
42485,186742,149169
42482,209144,130631
42481,212953,163044
42480,218366,180999
42478,211472,156255
42473,216206,194633
42472,198260,152533
42471,205020,209196
42468,209220,120237
42467,209796,184929
42466,228604,136350
42465,237947,262468
42464,250300,111189
42461,246836,182603
42460,160858,252912
42459,192853,191813
42458,214036,231504
42457,249966,201820
42452,289791,163852
42451,281267,182128
42450,286779,197326
42447,296803,211934
42446,286516,201036
42445,289564,189428
42444,287932,151477
42443,290071,144035
42440,293399,206282
42439,290449,182516
42438,301145,177661
42437,306649,151479
42433,296317,157476
42432,284324,171087
42431,265967,222864
42430,247729,236798
42429,240690,413570
42426,246678,170796
42425,122298,244599
42424,151332,249884
42423,191070,270895
42422,248121,141147
42419,274003,173846
42418,288359,229991
42417,281368,257745
42416,282490,227590
42415,272326,204947
42412,277681,301936
42411,263390,296451
42410,248845,242379
42409,247455,185925
42408,257335,186483
42405,246522,176039
42404,252128,173559
42403,259513,161319
42402,257792,202973
42401,267541,124799
42398,258341,206769
42397,109559,180534
42396,162875,209277
42394,202732,192361
42391,246500,207582
42390,260684,253543
42389,277381,227701
42388,277588,181759
42387,283365,203075
42384,301748,191584
42383,298208,254703
42382,296093,298262
42381,290579,155098
42380,292857,197958
42377,288188,147344
42376,287703,222028
42375,277561,162041
42374,276236,141286
42373,269896,217442
42370,259169,78099
42369,87335,152773
42368,135408,118301
42367,169206,148627
42366,201308,135213
42362,218678,81579
42361,228213,132290
42360,245739,134508
42359,247188,105888
42356,248373,145614
42355,254056,183952
42354,260069,135688
42353,270222,121040
42352,264432,158439
42349,259264,154756
42348,251544,128395
42347,260777,160403
42346,256867,111164
42345,258066,95802
42342,260740,119210
42341,258306,125397
42340,257896,100414
42339,260078,106700
42338,256027,108287
42335,249694,139963
42334,120405,162768
42332,157344,170578
42331,183628,168717
42328,210495,186227
42327,222393,171785
42326,235319,172971
42325,226619,138223
42324,228699,157193
42321,234018,113362
42319,235111,23566
42318,236501,158968
42317,239101,226372
42314,248964,148999
42313,254306,142523
42312,249552,116942
42311,253603,109417
42310,252808,117483
42307,250389,160902
42306,298663,484472
42305,427831,546704
42304,605259,382756
42303,675338,372014
42300,741081,355703
42298,761769,423915
42297,783586,320513
42296,797371,301753
42293,812975,450433
42292,804837,387478
42291,791283,339583
42290,843479,436206
42289,873813,402009
42286,850035,508415
42285,848205,380150
42284,848360,440596
42283,812795,443158
42282,813505,476060
42278,763715,469650
42277,746143,533627
42276,752996,925370
42275,743962,411586
42271,485403,669444
42270,613972,713391
42269,710668,870824
42268,764678,576788
42265,874082,721290
42263,862188,448314
42262,889724,426436
42261,892991,410700
42258,906904,539788
42257,909112,652173
42256,890161,686641
42255,949801,696134
42254,942913,548939
42251,927810,781099
42250,907551,491572
42249,911247,696245
42248,884917,681432
42247,884489,538965
42244,879455,679971
42243,426585,730656
42242,459803,752073
42241,537376,979004
42240,647765,1343511
42237,589505,677855
42236,586323,571472
42235,576595,380585
42234,570157,374699
42233,579829,449746
42230,602242,534397
42229,627666,462054
42228,640832,518433
42227,661748,417001
42226,663188,371638
42223,673110,224960
42222,675255,301655
42221,666100,300424
42220,642291,574620
42219,674152,210651
42216,690348,423825
42215,354474,499788
42214,459555,452407
42213,594640,531664
42212,718398,541249
42209,798648,319704
42208,827098,425989
42207,857193,498766
42206,828227,390965
42205,856517,297120
42202,847587,268425
42201,851281,382269
42200,819471,380300
42199,794637,373452
42198,786177,524461
42195,732341,414064
42194,714769,398298
42193,727595,821591
42192,743918,420806
42191,709904,588517
42188,694395,364786
42187,679015,369378
42186,681027,452062
42185,653182,438151
42184,608025,685923
42181,552974,447942
42180,350391,514591
42179,452697,466085
42178,472339,415875
42177,517298,563682
42174,600559,457277
42173,634939,547889
42172,625778,538588
42171,621983,448623
42170,635831,502224
42167,666309,407275
42166,663631,697716
42165,616341,517670
42164,655158,385780
42163,649862,376842
42160,653390,540264
42159,650250,472806
42158,640988,529274
42157,644430,829989
42156,643915,309987
42153,634041,680534
42152,249641,536117
42151,344054,460282
42150,430030,354089
42149,476606,376395
42146,514618,371614
42145,525778,360992
42144,543339,413471
42143,544123,552744
42142,544965,411646
42139,560401,355479
42138,563262,560464
42137,554667,893726
42136,563776,670975
42135,546390,428296
42132,558541,554911
42131,609019,663738
42130,658130,877887
42129,671682,444945
42128,733558,498328
42124,367028,814081
42123,440965,642959
42122,566126,648965
42121,706063,535439
42118,782068,527704
42117,815045,686584
42116,852449,719929
42115,858613,593060
42114,817377,596267
42111,819367,376887
42110,774065,547972
42109,776169,377252
42107,750937,345725
42104,764689,252034
42103,762992,470024
42102,766852,364414
42101,742216,541274
42100,744135,358739
42095,758941,416855
42094,780670,397674
42093,804926,406470
42090,851484,496803
42089,272413,653564
42088,440956,506265
42087,675707,727889
42086,879377,324587
42083,915894,440455
42082,924032,682035
42081,935510,409687
42080,965265,606545
42079,999442,309010
42076,987191,679192
42075,999912,316132
42074,996388,420876
42073,992457,481922
42072,1000725,596010
42068,1043370,510114
42067,1075754,618998
42066,1112583,434027
42065,1063368,519268
42063,1028427,1102700
42062,967713,550410
42061,235243,631399
42060,374274,605509
42059,507938,611830
42058,660935,660896
42055,917448,546704
42054,994817,518259
42053,1021888,351950
42051,1041931,371508
42048,1032246,440336
42047,1012232,489248
42046,992332,371359
42045,997684,679999
42044,992169,470718
42041,998526,394508
42040,993347,570515
42039,1011215,394733
42038,1015824,481794
42037,998752,421070
42034,1020199,589828
42033,311213,684920
42032,428595,809904
42031,643196,589783
42027,910134,407709
42026,906191,356371
42025,887995,399907
42024,869384,505107
42023,802975,301616
42020,803000,400180
42019,825838,832330
42018,703103,502517
42017,719350,410143
42016,702157,391895
42013,684454,596384
42012,711940,409705
42011,748641,513814
42010,766311,807830
42009,827940,362889
42006,857117,384440
42005,845622,152053
42004,846769,208456
42003,852694,213744
42002,843891,256065
41999,828600,329455
41997,437964,644400
41996,534375,689426
41995,718014,454364
41992,791837,502221
41991,881646,487109
41990,958482,671947
41989,957986,697823
41988,941832,341209
41985,925843,415055
41984,885737,433216
41983,879267,335101
41982,885236,450194
41981,852298,403704
41978,805633,204790
41977,795903,320202
41976,820702,275706
41975,855836,405496
41974,877874,321349
41971,888657,390067
41970,277012,420891
41969,376663,448199
41968,521860,628405
41967,756247,295185
41964,838802,394702
41963,856751,317363
41962,879675,336894
41961,904637,232236
41960,912416,343192
41957,913909,275556
41956,924004,385583
41955,950934,334887
41954,927723,282205
41953,924917,299921
41950,922907,297377
41948,907773,347274
41946,856703,281835
41943,831424,532335
41942,223940,260227
41941,242490,203532
41940,272915,218879
41939,319299,169824
41935,339189,31565
41934,342134,178728
41933,335818,266648
41932,324664,248548
41929,312938,297423
41928,288824,285534
41926,294376,248830
41925,296530,212390
41922,308681,268421
41921,328370,209348
41920,326433,197811
41919,325423,182078
41913,312789,128235
41912,314033,295133
41911,310077,167342
41908,328194,357809
41907,126275,280863
41906,161554,274269
41905,202337,309560
41904,221803,254671
41901,254952,209228
41900,271784,318157
41899,252720,184866
41898,258376,242034
41897,268956,209387
41894,273831,148422
41893,278529,208162
41892,289729,186360
41891,303536,115221
41890,316735,150270
41887,306641,200366
41886,318197,164603
41885,337837,205103
41884,333755,198384
41883,326819,144351
41879,119637,241078
41878,177080,222784
41877,210222,215564
41876,256655,209930
41873,287326,143939
41872,293675,191635
41871,301390,137473
41870,304567,170617
41869,300690,184306
41865,287868,197553
41864,282683,263570
41863,257166,247522
41862,250302,142670
41859,244060,260196
41858,261846,302990
41857,274603,256771
41856,262477,347497
41855,254994,211809
41852,249477,346552
41850,193360,317216
41848,238618,254863
41845,296999,248462
41844,329020,206079
41843,336430,246293
41842,327973,254949
41841,300190,157265
41838,300460,266064
41837,296302,186904
41836,290958,279307
41835,287676,247820
41834,283202,200572
41831,274320,410572
41830,272584,675066
41829,272320,321601
41828,274319,352581
41827,287183,155246
41824,285515,245115
41823,287060,158786
41822,290373,200882
41821,272075,162808
41820,279495,208073
41817,281058,174211
41816,118151,306170
41815,185396,209272
41814,227351,358708
41813,271094,269228
41810,279299,201127
41809,284237,285699
41808,282523,388403
41807,296181,273622
41806,299182,254033
41803,302672,336410
41802,333845,187018
41801,321699,306476
41800,321847,263983
41799,303432,262177
41796,278627,246214
41795,280802,281421
41794,302272,140820
41793,317050,265284
41792,330134,228652
41789,333920,212971
41788,216470,347346
41787,291967,207968
41786,332713,287791
41785,382938,493416
41782,420520,322947
41781,422990,222344
41780,442584,241879
41779,432510,255710
41778,438188,354691
41775,431135,975986
41774,358712,272999
41773,340437,212928
41772,320175,426707
41771,299484,324032
41768,290825,400497
41767,272699,171217
41766,276995,193994
41765,258133,130969
41764,263048,186733
41761,257252,155372
41759,259214,332562
41758,258153,231510
41757,275467,141066
41754,268186,225074
41752,209594,251221
41751,247300,183848
41750,284467,165701
41746,305611,247181
41745,314506,213252
41744,307103,198293
41740,322401,177077
41739,330129,188556
41738,348701,203291
41736,334262,207195
41733,326997,164745
41732,342995,175467
41731,345563,150687
41730,340627,202023
41729,340393,177279
41726,338338,156185
41725,258494,332523
41724,308452,238303
41723,374353,188798
41722,410816,249732
41720,400877,14371
41719,402973,176867
41718,385782,197896
41717,399073,157826
41716,393202,221287
41712,387488,256261
41711,388230,215012
41710,372422,194553
41709,371200,205034
41708,363460,223416
41705,362251,369897
41704,316168,228245
41703,307452,170905
41702,290757,241140
41701,269062,180610
41698,274109,194902
41696,157116,201746
41695,195556,202792
41694,247573,165880
41691,279455,174281
41690,297481,173973
41689,313833,123480
41688,313664,210962
41687,325075,167030
41684,324104,227135
41683,333130,229304
41682,310527,169287
41681,318285,133083
41680,308681,127561
41677,307848,211347
41676,320941,246439
41675,327766,222075
41674,325027,254932
41673,321109,176743
41670,324563,193976
41669,131785,291826
41668,173843,192087
41667,216031,361532
41666,253037,307063
41663,317407,246957
41662,343436,133460
41661,350236,171166
41660,353121,147116
41659,341738,217355
41656,359682,236858
41655,380512,175261
41654,364083,257092
41653,354882,154520
41652,351473,243680
41649,340912,328325
41648,341459,174561
41647,345337,164262
41646,354303,255943
41645,355278,171361
41642,352169,242124
41641,386218,325504
41640,396125,47960
41639,394766,99656
41638,384867,143025
41635,394786,119090
41634,185739,266688
41632,231560,192767
41631,267479,263375
41628,367423,303332
41627,379424,340639
41626,440806,260444
41625,437281,163689
41624,449218,171048
41621,440093,205895
41620,444890,213327
41619,440768,198742
41618,439534,197255
41617,431465,300377
41614,390374,175578
41613,380795,275012
41612,362622,224572
41611,375566,153131
41610,369507,177004
41607,363542,220802
41606,139688,273896
41605,171271,221007
41604,202974,255606
41603,245949,306214
41600,276773,319746
41599,305251,367523
41598,332972,298696
41597,355971,165911
41596,351863,273886
41592,359762,268783
41591,378449,290780
41590,391058,288845
41589,391709,271050
41586,406679,252719
41585,416764,353350
41584,431761,226281
41583,449514,231450
41581,464168,32269
41579,461872,180987
41578,179426,332685
41577,219015,267785
41576,256470,461786
41575,282564,245485
41572,322420,266121
41571,344707,378873
41570,351663,354109
41569,365726,189546
41568,370071,210083
41565,376296,342424
41564,384642,257242
41562,383218,308382
41561,365217,180198
41558,356610,259142
41557,337174,252424
41556,325186,305688
41555,309542,252322
41554,320759,305511
41551,348832,293729
41550,346861,294149
41548,326675,251837
41547,337847,278846
41544,358733,237959
41543,204700,326298
41542,239117,360750
41541,273407,371048
41540,294238,345440
41537,298485,501804
41536,324084,397668
41535,313232,213101
41534,319343,230017
41533,336239,367365
41530,346349,298901
41529,378652,301296
41528,382115,359431
41527,402579,523239
41523,361765,360795
41522,355590,395307
41521,369785,522233
41520,373216,521911
41519,360626,310690
41516,346288,477390
41515,299104,477820
41514,354779,601804
41513,398492,492064
41512,427399,364343
41509,465646,376713
41508,470919,466289
41507,484621,533957
41506,415725,451033
41505,383674,487243
41502,352336,519664
41500,298090,254895
41499,275705,258307
41498,292677,264615
41494,316699,208348
41493,311368,361763
41492,333988,329682
41491,304887,191462
41488,308990,231910
41487,328357,361275
41486,334049,267327
41485,347082,269845
41484,362820,147484
41481,360341,222596
41480,118872,324782
41479,187576,299083
41478,237365,237945
41477,282206,180610
41474,305787,202339
41473,323817,232489
41472,329254,246245
41471,331458,248473
41470,359713,198191
41467,353241,247177
41466,336345,287536
41465,309344,201801
41464,307775,178953
41463,297008,256214
41460,312930,186692
41459,299309,276782
41458,295056,254057
41457,301820,181891
41456,305059,216270
41453,286649,313008
41452,285757,398022
41451,330506,305340
41450,382706,386361
41449,414929,305767
41446,425126,303312
41445,430680,348690
41444,370683,209877
41443,355986,239542
41442,340834,259829
41439,312829,242129
41438,315975,265961
41437,290683,278852
41436,271381,351656
41435,243413,213624
41432,246553,333052
41431,249005,247728
41430,263064,222758
41429,268169,194447
41428,276000,226166
41425,303248,278003
41424,280789,278347
41423,319278,228017
41422,367458,306976
41421,441512,238321
41418,484055,242808
41417,498687,366641
41416,531690,203575
41415,519118,234935
41414,515238,184145
41411,512873,158699
41410,512134,192159
41409,501846,319368
41408,450874,224977
41407,426166,248161
41405,450130,14654
41404,450068,194590
41403,431889,154357
41402,424133,194621
41401,416160,190117
41400,382557,153161
41397,369822,260669
41396,374388,240422
41394,330562,227911
41393,323246,122480
41390,316311,165271
41389,157308,336057
41387,228622,277055
41386,285125,252804
41382,351794,250370
41381,380178,258518
41380,396420,357191
41379,429051,234674
41376,404765,219489
41375,396640,254514
41374,380605,285975
41373,364811,285405
41372,343883,131874
41369,332993,239853
41368,312880,277557
41367,289762,208114
41366,264109,165475
41365,242323,153352
41361,212752,286672
41359,243212,217256
41358,263887,248097
41355,269664,229947
41354,289305,342658
41353,301370,263583
41352,320087,400433
41351,305317,171675
41348,299579,259139
41347,300964,370999
41346,309202,183194
41345,321500,212271
41344,332997,169271
41341,330821,254505
41340,339896,197837
41339,335089,161492
41338,328501,201291
41337,330685,178755
41334,306267,233373
41333,248800,417441
41332,288836,237316
41331,301618,321099
41330,316624,246274
41327,331204,165492
41326,323477,253467
41325,321181,132575
41324,316904,155734
41323,308344,105045
41320,296018,207820
41319,281205,179668
41318,268223,167796
41317,266812,130917
41316,262285,121048
41313,260027,173783
41312,256672,185120
41311,258185,111965
41310,260970,152068
41309,263691,159791
41306,251759,138160
41305,144691,207702
41304,177019,152160
41303,190178,264132
41302,217500,129782
41299,231329,188865
41298,245850,205713
41297,264475,168125
41296,276475,145763
41295,294322,132581
41292,291206,135223
41291,290885,212045
41290,290624,184858
41289,310048,183344
41288,318777,206945
41285,314164,189860
41284,322293,168466
41283,310121,170374
41282,313909,167264
41281,321234,106613
41278,335721,122122
41277,342790,105216
41276,342854,148050
41275,340181,118559
41274,327463,76323
41271,326642,124568
41270,211560,218705
41269,243982,183816
41267,260316,143175
41264,311720,280510
41263,392834,221339
41262,428149,128072
41261,433443,281039
41260,426737,108781
41257,427437,197947
41256,430171,212407
41255,422555,215399
41254,406763,277302
41253,402806,116461
41250,411776,209697
41249,413286,277894
41248,408771,146433
41247,394981,130560
41246,394244,142584
41243,388094,236791
41242,144352,290786
41240,187574,255165
41239,230061,140088
41236,255217,171195
41235,268138,166601
41234,278215,186631
41233,281436,173286
41232,294812,167424
41229,300762,217367
41228,339131,191694
41226,366853,57800
41225,369072,136701
41222,378096,211739
41221,377489,186408
41220,392457,237543
41219,381042,140470
41218,373304,116796
41215,370951,190759
41214,343725,167392
41213,350139,144508
41212,358260,291436
41211,356437,149493
41208,359690,200458
41207,221947,254619
41205,278686,283719
41204,394548,261987
41201,444026,240219
41200,485073,268619
41199,474971,168830
41198,480750,222499
41197,492154,172294
41194,497421,234751
41193,507394,250721
41192,512110,228980
41191,525917,217033
41190,526522,196556
41187,528055,369790
41186,512905,222131
41185,502665,183863
41183,485664,123584
41180,473448,233250
41179,261374,339687
41178,312587,259446
41177,384165,290857
41176,430900,221680
41173,442936,412272
41172,437574,193040
41170,432768,159658
41169,424088,317458
41166,403089,327490
41165,373915,128022
41164,368635,218335
41163,357617,195556
41162,340366,148845
41160,374697,22410
41159,370646,245699
41158,356129,190230
41157,375020,198916
41156,378528,169773
41155,394890,192922
41152,391936,266910
41151,239629,409046
41150,323308,253369
41149,405323,266544
41148,469746,189151
41145,506074,211790
41144,517081,220545
41143,522605,168627
41142,527745,200663
41138,512182,241363
41137,516790,158623
41135,519183,221637
41134,505867,160738
41131,486754,183153
41130,479278,239616
41129,473855,262152
41128,464386,248883
41127,449990,194983
41124,448005,281526
41123,451574,159026
41122,446856,188456
41121,443862,327140
41120,440887,264935
41117,422158,341276
41116,186040,338418
41115,246752,309367
41114,339037,317147
41113,440174,255099
41110,466101,196377
41109,474691,183168
41108,476796,215533
41107,486365,200145
41106,478932,216433
41103,474954,208579
41102,465352,309249
41101,465092,192337
41100,470938,269494
41099,456210,220065
41096,468142,215230
41095,475317,186145
41094,465813,208608
41093,452882,235912
41092,440341,202531
41089,432764,359643
41088,178241,281540
41087,259396,235737
41086,304623,303145
41085,344647,395102
41082,337589,363526
41081,347028,310348
41080,330885,232419
41079,327709,373572
41078,330087,453317
41075,326775,295436
41074,311790,311739
41073,323770,284929
41072,314744,363732
41071,301836,301403
41068,313209,336738
41067,319327,271308
41066,308732,338542
41065,316517,246383
41064,317813,271302
41061,307445,294565
41060,209068,336838
41059,292940,266147
41058,325786,264851
41057,356175,281334
41054,377910,261248
41053,384910,444236
41052,409517,365923
41051,419485,316325
41050,408454,252784
41047,415237,407545
41046,429621,295793
41045,417550,351382
41044,411729,288223
41043,421299,201597
41040,410226,370057
41039,402414,340007
41038,398312,351832
41037,404890,394126
41036,369991,419009
41033,377770,341893
41032,370286,250601
41031,367736,212143
41029,371371,219288
41027,362096,21001
41026,363275,286969
41025,151520,287526
41024,210933,434009
41023,266637,330320
41022,340167,320815
41019,363005,341060
41018,383206,230124
41017,368293,230614
41016,355243,489144
41015,340536,251396
41012,344433,393776
41011,342713,283860
41010,341107,375738
41009,341418,257195
41008,349678,258043
41003,357636,224727
41002,378111,246240
41001,380083,300092
40998,408773,405326
40997,332440,448939
40996,353213,398323
40995,380116,573096
40994,431278,447398
40991,455568,463368
40990,488732,523888
40989,505830,392165
40988,517841,350373
40987,535646,361144
40984,549002,680488
40983,527779,384522
40982,515415,300704
40981,501690,268373
40980,499606,321651
40977,505473,320492
40975,498056,417591
40974,516238,676885
40973,498552,291518
40971,502909,15970
40970,502414,317808
40969,511616,347663
40968,520766,393197
40967,509927,340186
40966,496549,413885
40963,507784,374376
40962,245021,439930
40961,316844,462957
40960,328490,392545
40956,444232,366610
40955,478404,291926
40954,499712,350865
40953,485253,241590
40952,494760,279196
40949,505027,424467
40948,524800,322410
40947,513193,392016
40946,505256,346422
40945,484895,335710
40942,450502,293530
40941,437974,376463
40940,436149,314945
40939,447425,336757
40938,431350,307899
40935,469071,249035
40933,178172,300729
40932,257898,403605
40931,315976,217354
40928,355579,361765
40927,399901,290059
40926,421509,289545
40925,449499,315725
40924,425146,267867
40921,431759,372229
40920,428846,387900
40919,428120,266376
40918,427853,392413
40917,399080,321543
40915,408268,29134
40914,408254,450646
40913,424453,271152
40912,414287,353400
40911,416235,362152
40910,400750,277565
40907,396392,290133
40906,195235,363613
40905,216688,350280
40904,259273,296229
40903,304058,275067
40900,326951,339879
40899,327943,465875
40898,344695,504015
40897,388618,461427
40896,403551,495861
40893,429709,678327
40892,410951,514453
40891,410806,524717
40890,399421,520075
40889,414180,509940
40886,395632,572017
40885,433714,548931
40884,460109,436794
40882,451287,340941
40879,439736,439177
40878,434900,430998
40877,434888,567191
40876,443146,505120
40875,426652,362243
40872,438346,445860
40871,246836,563330
40870,353777,652265
40869,408666,508103
40868,454830,481123
40865,472990,524673
40864,501066,525790
40863,501320,554269
40862,527698,403513
40861,540173,290492
40858,534168,387553
40856,551384,378366
40855,547721,277920
40851,536330,326318
40850,544721,410988
40849,552639,386323
40848,549316,337615
40847,561132,267544
40844,555938,361703
40842,535919,82639
40841,134747,472565
40840,191872,364775
40837,265446,423560
40836,329791,452946
40835,365204,376931
40834,389142,373657
40833,423332,331772
40830,414114,399484
40829,417524,430016
40828,439214,518317
40827,419270,369270
40826,416770,377173
40823,413375,435909
40821,403063,475995
40820,412153,554298
40819,391550,411075
40816,392804,480140
40815,257056,438756
40814,310484,455062
40813,341694,471469
40812,432270,622159
40809,474084,668090
40808,480455,633458
40807,435416,355642
40806,458239,458419
40805,475773,338976
40802,479318,551241
40801,488271,590360
40800,515641,586783
40799,536229,571271
40798,534714,504985
40795,515990,467401
40794,523891,396078
40793,531402,383699
40792,531360,560849
40791,516270,410199
40788,487512,429770
40785,457230,515564
40784,464110,434993
40781,484578,517152
40780,182371,494730
40779,267150,512734
40778,320515,496740
40777,409249,475041
40774,443808,614297
40773,462025,503799
40772,447582,517256
40771,470974,384714
40767,473570,437379
40766,453700,424171
40765,452623,524940
40764,473889,858998
40763,474529,645442
40760,463759,693912
40759,472636,421981
40758,459084,354758
40757,418761,310405
40756,402677,268346
40753,390883,339316
40752,154211,399875
40751,261498,336299
40750,309268,594719
40749,364542,350589
40746,391913,368535
40745,412840,264666
40744,431703,362723
40743,419919,332040
40742,423647,210185
40739,433764,337379
40738,431508,519443
40737,441133,303815
40736,454195,505438
40735,453393,252281
40732,449044,313504
40731,451961,355461
40730,433488,217394
40729,431454,207893
40728,436588,198770
40725,416970,256486
40724,213004,338323
40723,285104,304492
40722,328042,359858
40721,390918,385269
40718,437826,563261
40717,485759,302811
40716,497993,288285
40715,482561,347465
40714,504581,587099
40711,486640,266497
40710,482254,399425
40709,468016,279727
40708,460215,254909
40707,467136,295110
40704,474064,348490
40703,486717,280078
40702,496431,247731
40701,499904,219282
40700,487078,247044
40697,495948,331902
40696,486188,236693
40695,477437,278677
40694,454255,359522
40693,440856,192563
40690,429936,275334
40689,287946,399944
40688,348233,394764
40687,415757,374494
40686,475771,359103
40683,491093,402198
40682,508941,237264
40681,519749,329424
40680,522915,378444
40679,519287,310340
40676,495077,576044
40675,532929,385004
40674,492228,236389
40673,503327,375340
40672,505849,326404
40669,513646,454990
40668,554914,438013
40667,533747,442230
40666,530937,534463
40665,491325,301796
40662,472595,357144
40661,206209,355614
40660,267155,383303
40659,287598,606583
40658,426304,248680
40654,456174,336005
40653,463836,434191
40652,486303,382055
40651,496047,596913
40648,508974,422266
40646,520793,497305
40644,486635,322435
40641,508954,384371
40640,534776,246737
40639,538166,387722
40638,538107,396586
40637,540092,342338
40634,493604,323532
40633,217818,512575
40632,288869,337491
40631,337072,423358
40630,360899,474150
40627,370155,530102
40626,367198,302179
40625,414866,402404
40624,438135,365611
40623,443938,437682
40620,467888,542511
40619,451153,501322
40618,446682,399849
40617,463239,816597
40616,440447,437433
40613,447458,543125
40612,449129,372416
40611,438521,495646
40610,420268,414679
40609,416201,552512
40606,454100,460018
40605,435923,639916
40603,436081,602892
40602,452379,964333
40599,431828,551469
40598,253784,690296
40597,301588,494484
40596,409677,637286
40595,468340,496119
40592,498479,634023
40591,519935,370956
40590,514008,347916
40589,511053,508123
40588,513184,529377
40585,522872,608254
40584,512983,619926
40583,513958,665458
40582,506179,469506
40581,490250,418123
40578,495566,668227
40577,437745,461163
40576,441188,511387
40575,445931,594033
40574,409105,563102
40571,408545,540099
40570,199620,456094
40568,295513,510233
40567,367595,371760
40564,429087,368416
40563,416395,522235
40562,434699,418767
40561,430244,411140
40560,453200,447410
40557,453649,871214
40556,424484,590392
40555,402331,772835
40554,392145,701172
40553,408608,666713
40550,408677,586703
40549,398003,342008
40548,395293,360058
40547,400429,341655
40546,393299,190064
40543,388438,208356
40542,250086,297989
40541,317109,271544
40540,375100,222079
40539,402053,256930
40536,427196,282372
40535,448485,222322
40534,475466,323005
40533,496785,285126
40532,488736,390828
40528,471761,476540
40527,487289,428173
40526,501407,331225
40525,499213,535085
40522,499752,542054
40521,536716,579067
40520,529414,459319
40519,531334,384438
40518,551278,368600
40515,546745,345542
40514,549024,348504
40513,532684,392183
40512,516558,588793
40511,504556,362531
40508,498461,760738
40507,176840,588383
40506,239421,594367
40505,297770,849137
40504,397700,531769
40501,467257,645885
40500,477544,764114
40498,498570,623480
40497,498884,453552
40494,487633,766633
40493,488562,418064
40492,516181,271348
40491,501219,411820
40490,506818,261439
40487,508528,82527
40486,502519,413326
40485,497114,303851
40484,500732,309660
40483,503888,363229
40480,486991,557597
40479,227865,655758
40478,324479,579259
40477,418280,426124
40476,443262,483759
40473,485261,456891
40472,517902,526339
40471,536333,493208
40470,528408,598509
40469,551183,567421
40466,536575,490301
40465,530117,528848
40464,574976,555517
40463,521240,395613
40462,521419,251298
40459,529421,419033
40458,529090,430502
40457,541184,333243
40456,561608,335093
40455,557893,433561
40452,549710,468668
40451,231010,469744
40450,316234,448100
40449,425263,461559
40448,507499,394682
40445,619234,432288
40444,658334,393318
40443,692639,605342
40442,736777,541334
40441,783917,501246
40438,776044,387657
40437,787128,598133
40436,775383,520110
40435,748430,598216
40434,777075,503772
40430,764294,326580
40429,741761,389275
40428,740099,330509
40427,712853,414434
40424,695231,242699
40423,677528,367885
40422,656310,415890
40421,645614,528003
40420,646344,435879
40417,643029,447144
40416,201562,333199
40415,330949,444062
40414,481280,467640
40413,591631,271901
40410,644691,267027
40409,651080,369020
40408,662819,380354
40407,667133,252157
40406,671576,405154
40403,670592,346260
40402,668246,453504
40401,668220,373621
40400,650877,306772
40399,641257,228447
40396,619184,239607
40395,630550,244968
40394,624582,311904
40393,604614,230432
40392,577889,298795
40389,554573,369309
40388,169523,321850
40387,276669,400514
40386,401162,411345
40385,517184,311580
40382,607978,358075
40381,634695,423348
40380,660324,364503
40379,662695,299433
40378,659604,335694
40375,659868,255051
40374,643525,347197
40373,644303,333872
40372,644660,380758
40371,639668,374807
40368,627602,319717
40367,611748,374874
40366,655030,402705
40365,651156,338163
40364,661657,216243
40361,646773,418802
40360,658492,530388
40359,641565,523267
40358,608709,558870
40357,600960,344723
40354,588620,517993
40353,255372,499023
40352,380076,440394
40351,454776,507148
40350,483990,464776
40347,549465,425665
40346,587012,491541
40345,606708,401936
40344,599521,475538
40343,609874,491756
40340,605158,453549
40339,617690,564455
40338,615391,668547
40337,616603,595355
40336,581242,499094
40333,559018,358939
40332,564466,470355
40331,569878,593696
40330,566001,570536
40329,523208,401688
40326,518491,462671
40325,269065,518450
40324,376154,565020
40323,473901,756937
40322,556354,594739
40319,593480,699381
40318,571920,638039
40317,583393,833075
40316,573157,554497
40315,590568,699881
40312,562763,558631
40311,534398,421952
40310,549847,581001
40309,535581,511768
40308,540257,582056
40305,592098,687120
40304,585962,614194
40303,565702,559356
40302,557387,438024
40301,527594,262527
40298,508523,309114
40297,158183,362281
40296,256728,559203
40295,351042,363997
40294,447420,275312
40291,497014,453873
40290,519624,820596
40289,539304,300802
40288,530306,458626
40287,513351,600760
40284,511528,407371
40283,513960,403840
40281,521942,283767
40280,517083,345907
40277,499194,376547
40276,497761,465534
40275,504887,313906
40274,500316,237614
40273,508285,294826
40269,475378,269589
40268,466774,436749
40267,468069,354455
40266,478063,324657
40263,462118,319179
40262,238804,425382
40260,320045,506229
40259,367700,501880
40256,441161,307568
40255,447026,329532
40254,447166,457861
40253,472623,412668
40252,489573,303792
40249,503110,322966
40248,505904,374432
40247,524035,352466
40246,520762,272796
40245,517832,321358
40242,506743,381255
40241,497118,385222
40240,501379,390261
40239,458590,418218
40235,452765,867170
40234,204981,457079
40233,297201,469390
40232,414041,447683
40231,454548,448882
40228,495248,598623
40227,529980,393585
40226,545793,519822
40225,573317,418996
40224,578561,395869
40220,570743,539595
40219,597474,683590
40218,584604,541224
40217,625311,726065
40215,626996,83641
40214,627526,709784
40213,613361,541234
40212,598499,652948
40211,644325,649259
40210,597930,469019
40207,598466,801539
40206,176523,750753
40205,317808,873389
40203,433832,517500
40200,499976,875232
40199,505568,766028
40198,477089,366961
40197,480762,358642
40196,485520,321656
40193,495909,227625
40192,492100,283045
40191,498219,439178
40190,498525,444487
40189,501216,250924
40186,483112,277090
40185,487828,325130
40184,489985,295156
40183,481288,339132
40182,460283,237231
40178,193420,400849
40177,250783,355174
40176,297961,341840
40171,377961,439519
40170,412047,693632
40169,453342,328718
40168,478251,408898
40165,490295,497402
40164,484808,521944
40163,506186,550623
40162,538719,491061
40161,541954,529645
40158,542154,568220
40157,547710,470264
40156,561276,495401
40155,562132,579700
40154,538257,468101
40151,542923,577449
40150,542577,474125
40149,525448,385830
40148,527530,412304
40147,505994,591358
40144,522259,852768
40143,204332,559779
40142,254157,398800
40141,301538,545324
40140,403961,426935
40137,448649,642993
40136,477618,510500
40135,506893,400152
40134,517691,465501
40133,555720,353288
40130,554386,540832
40129,534967,643500
40128,538808,605133
40127,524841,591420
40126,554465,524158
40123,538546,593717
40122,551185,897640
40121,533889,592870
40120,580832,692583
40116,541102,686541
40115,170747,498357
40114,231154,592744
40113,313503,741705
40112,378993,487578
40109,402619,479576
40108,440439,580995
40107,459985,416343
40106,461727,495169
40103,481901,78586
40102,485762,299928
40101,496076,470849
40100,505706,383091
40098,507464,591771
40095,510552,504188
40094,495427,546343
40093,494956,634054
40092,478394,769374
40091,480866,424378
40087,496091,412846
40086,485777,372730
40085,490997,353715
40081,495223,509404
40080,212303,501074
40079,303867,513498
40078,419735,436742
40074,507814,371604
40073,556769,520228
40072,596242,393058
40071,599167,466398
40070,596019,417512
40067,598962,518048
40066,602960,613121
40065,575058,402373
40064,571885,518232
40063,569918,416724
40060,555924,631912
40059,562740,572532
40058,550740,651950
40057,554834,774297
40056,509166,624998
40053,486963,583771
40052,145443,398722
40051,198453,459624
40050,252522,614290
40049,328459,533730
40046,388076,696413
40045,430932,526107
40044,470251,851781
40043,459784,730082
40042,478618,648751
40039,438230,592361
40038,455367,576887
40037,480694,753284
40036,470240,718342
40035,482735,735340
40032,464889,689456
40031,450803,806679
40030,465362,688904
40029,447331,624012
40028,483739,458237
40025,471955,578642
40024,206642,440917
40023,253543,866626
40022,346953,506099
40021,400359,346040
40018,408078,546435
40017,414857,652571
40016,399265,836795
40015,411793,566485
40014,417458,571885
40011,428125,678115
40010,431687,697242
40009,439743,519917
40008,446357,577705
40007,444606,548086
40004,450048,632607
40003,433154,571847
40002,449922,754950
40001,440681,677879
40000,452227,1025176
39997,440069,515444
39996,445245,644948
39995,446687,703788
39994,440286,639199
39993,426835,484528
39990,433364,565662
39989,350405,529343
39988,419858,541156
39987,493047,684213
39986,547923,596669
39983,594216,699481
39982,639039,721675
39981,617027,665483
39980,614276,535381
39979,591191,587103
39976,598062,661098
39975,602805,511564
39974,617694,577590
39973,603592,613094
39972,606513,618395
39969,593328,561981
39968,582099,560456
39967,561348,525385
39966,571208,529915
39965,580180,454242
39962,570525,510729
39961,316820,494802
39960,378939,549306
39959,439775,649308
39958,505019,516098
39955,604514,600838
39954,670291,634985
39953,727824,678529
39952,750823,1251159
39951,740218,60995
39948,731735,534422
39947,740606,691857
39946,732896,868094
39945,772647,744273
39944,760002,615150
39941,758141,770298
39940,762018,647390
39939,812382,742466
39938,759401,666812
39937,754204,557920
39932,256281,627471
39931,355408,792621
39930,473014,806465
39927,536419,718311
39926,612970,801420
39925,654986,932159
39924,716277,980937
39923,758981,827793
39920,818863,1042295
39919,847846,985685
39918,884082,831711
39916,843154,590431
39912,840055,871905
39911,818535,903640
39909,763459,586819
39905,771642,691986
39904,742282,817721
39903,734696,780185
39902,704477,864262
39899,744920,858064
39898,322514,713089
39897,333584,905875
39896,362938,927200
39895,433466,704842
39892,486990,564173
39891,517831,698430
39890,559723,768415
39889,574549,805195
39888,592477,692566
39885,573526,725316
39884,606725,846812
39881,629602,637835
39878,618653,857878
39877,646529,842741
39876,620484,769793
39875,657401,798885
39874,622294,625476
39871,592138,793016
39870,171580,453290
39869,262796,463877
39868,327439,710692
39864,415570,697374
39863,466719,437107
39862,495537,667736
39861,547178,573987
39860,587742,754588
39857,637096,490895
39856,618437,585243
39855,635756,601140
39854,619356,696285
39853,619917,677692
39850,578742,577694
39849,560277,615612
39848,586194,633563
39847,580837,846158
39846,592884,670374
39843,621081,662570
39842,289711,481587
39841,333500,474038
39840,421289,645653
39836,505156,569401
39835,567426,655429
39834,598942,773806
39833,642592,638188
39832,640611,458972
39829,650004,610375
39828,658005,805537
39827,641187,750997
39826,650998,771394
39825,650854,951088
39822,621842,909686
39820,607487,1098787
39819,633234,694299
39818,638823,593926
39815,619269,583678
39814,626057,387197
39813,613192,573974
39812,625154,687677
39811,635833,673597
39808,620539,439922
39806,314426,456381
39805,427965,692881
39804,550853,685673
39801,610118,795390
39800,675166,917820
39799,740351,893770
39798,772078,679609
39797,767498,669323
39794,771579,866546
39793,764197,765924
39792,763625,868132
39790,708180,824410
39787,631010,797716
39786,653573,742881
39785,612346,797595
39784,618099,825021
39783,634271,786749
39780,306277,546338
39778,394117,829766
39777,477229,762803
39776,537131,943443
39773,614513,1058723
39772,628030,812410
39771,623310,894730
39770,620292,976183
39769,634802,918850
39766,634580,895763
39764,630912,1138428
39763,656014,844386
39762,656611,560313
39759,629313,777656
39758,602023,965093
39757,622769,819423
39756,614187,655840
39755,586662,715609
39752,573594,926666
39750,366711,685840
39749,426381,206216
39748,404156,1053915
39745,466835,1050629
39744,506786,1016766
39743,563025,825560
39742,641490,854521
39741,663483,945841
39738,658010,801969
39737,654216,995304
39736,662664,718790
39735,664427,732407
39734,627985,697746
39731,638652,959450
39729,629801,1139963
39728,626700,1060078
39727,617124,749259
39724,597785,651043
39722,560859,669194
39721,559243,877491
39720,573171,880542
39717,534276,639436
39716,327084,571171
39715,415760,645360
39714,481729,753647
39713,562457,645109
39710,634817,907732
39709,615004,1080492
39708,653544,830750
39707,646047,781941
39706,668763,842072
39703,697048,778677
39702,676057,615995
39701,675308,683849
39700,631014,557868
39699,625502,541784
39696,624911,588046
39695,609942,635073
39693,621024,812602
39692,605039,539640
39689,610076,625862
39688,198350,465815
39687,326467,433199
39686,428042,496371
39685,518388,449080
39682,600875,514800
39681,640132,634991
39680,653987,430632
39679,661396,510276
39678,648152,478471
39674,640564,634043
39673,648866,578390
39672,666356,728335
39671,674989,490218
39668,645660,650665
39667,631223,678486
39666,609915,748187
39665,594967,690770
39664,583992,572496
39661,580915,604729
39660,294032,433575
39659,376742,477560
39658,429692,714568
39657,516131,513274
39654,606646,651685
39653,620339,707961
39652,647027,812466
39651,659277,743118
39650,676503,651731
39647,685884,828213
39646,685391,798261
39645,753721,752085
39644,769284,727597
39643,739972,674470
39640,775814,907508
39639,785082,548406
39638,817136,824462
39637,839047,715618
39636,810889,653973
39633,804434,776072
39632,785706,992066
39631,763086,1007389
39630,803315,796234
39629,797177,587996
39626,784348,785526
39625,333195,646463
39624,348937,855531
39623,493382,775882
39622,595342,849560
39619,729331,762867
39618,737800,532207
39617,765863,590645
39616,778792,528793
39615,782089,547813
39612,823186,594937
39611,808572,769661
39610,802580,637802
39609,788475,838380
39608,766259,841316
39605,754625,602739
39604,734444,763915
39603,764063,716590
39602,747669,553800
39601,709362,500223
39598,670303,500235
39597,334202,375097
39596,396982,515722
39595,478946,441012
39594,514084,454456
39591,525174,466771
39590,520214,555170
39589,548176,409124
39588,572045,394706
39584,584303,437782
39583,595807,462523
39582,629305,429322
39581,655869,502323
39580,632618,534998
39577,642223,429394
39576,629746,338593
39575,625990,396844
39574,622771,372378
39573,609362,345198
39570,604361,389549
39568,606953,322546
39567,599010,480747
39566,572572,278471
39563,558922,435927
39562,224770,257090
39561,270661,373877
39560,303030,433837
39559,398636,331321
39555,422498,482012
39554,479528,464817
39553,529984,675793
39549,574287,708028
39548,616949,514839
39547,638584,502299
39546,632008,542910
39545,619390,542275
39542,649822,595710
39541,628410,569686
39540,638226,643107
39539,727621,705634
39538,626043,904735
39535,617350,920830
39534,337064,534987
39533,372694,654893
39532,453755,895635
39531,571738,661082
39526,623407,771790
39525,680361,854972
39524,768047,742713
39521,790198,700354
39520,835889,792212
39519,801759,725462
39518,840425,597557
39517,879539,768401
39514,884963,703509
39512,857309,559652
39511,879248,705917
39510,888001,623924
39507,829610,830239
39506,245945,422266
39505,279823,611399
39504,402189,569967
39503,558295,571779
39500,638292,457708
39499,670497,580196
39498,721272,615213
39497,720818,418390
39496,740583,410183
39493,743095,566734
39492,748688,511436
39491,784718,621418
39490,823310,597104
39489,823227,680449
39486,801076,603180
39485,796263,537554
39484,765192,618482
39483,698965,361227
39482,696487,595963
39479,723321,567268
39478,252072,498267
39477,276997,486510
39476,342159,545831
39475,424720,467514
39472,454634,467257
39471,526206,557812
39470,549120,543443
39469,619439,711246
39468,768345,1083132
39465,795212,845881
39464,773066,679887
39463,807196,913007
39462,769778,651930
39461,720696,410421
39458,706661,688398
39457,739040,657649
39456,756379,547614
39455,750035,601439
39454,747341,447270
39451,710414,363006
39450,692169,470404
39449,664572,630123
39448,670203,329484
