Date,INDX_ADV_NUM,INDX_DECL_NUM
#NAME?,27,23
43368,34,16
43367,7,43
43364,23,27
43362,26,24
43361,10,40
43360,14,36
43357,46,4
43355,31,19
43354,6,44
43353,9,41
43350,33,16
43349,33,17
43348,24,26
43347,9,41
43346,19,31
43343,30,19
43342,23,27
43341,21,29
43340,21,29
43339,47,3
43336,22,28
43335,23,27
43333,24,26
43332,32,18
43329,36,14
43328,20,30
43326,33,17
43325,19,31
43322,22,28
43321,22,28
43320,36,14
43319,22,28
43318,24,26
43315,36,14
43314,17,33
43313,27,23
43312,30,20
43311,26,24
43308,35,15
43307,25,25
43306,22,28
43305,32,18
43304,36,14
43301,31,19
43300,23,27
43299,24,26
43298,37,13
43297,12,38
43294,23,27
43293,26,24
43292,18,32
43291,33,17
43290,38,12
43287,27,23
43286,24,26
43285,26,24
43284,33,17
43283,17,33
43280,40,10
43279,15,35
43278,9,41
43277,31,19
43276,15,35
43273,36,14
43272,15,35
43271,33,17
43270,9,41
43269,21,29
43266,19,31
43265,18,32
43264,28,22
43263,29,21
43262,32,18
43259,24,26
43258,38,11
43257,40,10
43256,15,35
43255,15,35
43252,16,34
43251,30,20
43250,17,33
43249,18,32
43248,35,15
43245,42,8
43244,35,15
43243,14,36
43242,30,20
43241,12,38
43238,14,36
43237,14,35
43236,17,32
43235,23,27
43234,24,26
43231,38,12
43230,16,34
43229,24,26
43228,23,27
43227,36,14
43224,13,36
43223,18,32
43222,16,34
43220,35,15
43217,35,15
43216,27,23
43215,17,33
43214,27,23
43213,29,21
43210,16,34
43209,26,24
43208,21,29
43207,24,26
43206,33,17
43203,26,24
43202,26,24
43201,27,23
43200,28,22
43199,27,23
43196,27,23
43195,48,2
43194,7,43
43193,31,19
43192,39,11
43187,17,33
43186,39,11
43185,39,11
43182,12,38
43181,15,35
43180,22,28
43179,32,18
43178,11,39
43175,6,44
43174,15,35
43173,19,31
43172,30,20
43171,47,3
43168,23,27
43167,28,22
43166,13,37
43165,15,35
43164,8,42
43160,23,27
43159,19,31
43158,21,29
43157,38,12
43154,43,7
43153,17,33
43152,28,22
43151,27,23
43150,10,40
43147,9,41
43146,27,23
43145,18,31
43143,36,14
43140,10,39
43139,40,10
43138,27,23
43137,5,45
43136,19,31
43133,5,45
43132,25,25
43131,20,30
43130,12,38
43129,29,21
43125,21,29
43124,28,22
43123,38,12
43122,25,25
43119,39,11
43118,18,32
43117,34,16
43116,18,32
43115,20,30
43112,24,26
43111,23,26
43110,18,32
43109,20,30
43108,38,12
43105,35,15
43104,37,13
43103,27,23
43102,22,28
43101,8,42
43098,33,17
43097,19,31
43096,13,37
43095,39,11
43091,33,17
43090,21,28
43089,22,28
43088,38,12
43087,36,14
43084,35,15
43083,39,11
43082,14,36
43081,13,37
43080,32,18
43077,39,11
43076,43,7
43075,9,40
43074,17,33
43073,26,24
43070,6,44
43069,6,44
43068,24,25
43067,22,28
43066,24,26
43063,30,18
43062,18,31
43061,24,26
43060,28,21
43059,29,21
43056,31,19
43055,37,13
43054,13,37
43053,19,31
43052,11,39
43049,22,28
43048,25,25
43047,24,26
43046,12,38
43045,21,29
43042,21,29
43041,22,28
43040,30,20
43039,18,32
43038,30,20
43035,28,22
43034,32,18
43033,26,24
43032,27,23
43031,25,25
43027,6,44
43026,17,33
43025,23,27
43024,35,15
43021,34,16
43020,40,10
43019,15,35
43018,32,18
43017,29,21
43014,44,6
43013,22,28
43012,33,17
43011,40,10
43007,33,17
43006,28,23
43005,7,44
43004,26,25
43003,13,38
43000,3,48
42999,18,32
42998,19,31
42997,23,28
42996,41,9
42993,18,33
42992,23,28
42991,19,32
42990,43,8
42989,33,18
42986,18,33
42985,30,20
42984,20,31
42983,31,20
42982,12,38
42979,39,12
42978,29,21
42977,41,10
42976,4,47
42975,35,16
42971,25,26
42970,36,15
42969,25,26
42968,7,44
42965,23,27
42964,19,32
42963,37,14
42961,36,14
42958,13,38
42957,12,39
42956,12,39
42955,12,38
42954,18,33
42951,37,14
42950,21,30
42949,14,37
42948,35,15
42947,32,19
42944,21,30
42943,16,35
42942,31,20
42941,24,27
42940,27,23
42937,26,25
42936,12,39
42935,40,11
42934,29,22
42933,40,11
42930,25,26
42929,42,9
42928,36,15
42927,30,21
42926,46,5
42923,19,32
42922,31,20
42921,39,12
42920,22,29
42919,35,16
42916,22,29
42915,23,27
42914,30,21
42913,16,35
42909,13,37
42908,21,30
42907,17,34
42906,24,26
42905,38,13
42902,25,25
42901,11,40
42900,28,23
42899,20,30
42898,19,32
42895,28,23
42894,22,28
42893,37,14
42892,13,37
42891,31,19
42888,29,21
42887,26,25
42886,22,29
42885,38,13
42884,25,25
42881,37,14
42880,42,9
42879,14,37
42878,16,35
42877,18,33
42874,20,31
42873,6,45
42872,26,25
42871,37,14
42870,34,17
42867,21,30
42866,30,21
42865,34,17
42864,26,24
42863,32,19
42860,14,36
42859,27,24
42858,25,25
42857,24,27
42853,26,25
42852,22,29
42851,25,26
42850,40,10
42849,38,12
42846,14,36
42845,34,17
42844,21,30
42843,14,37
42842,19,32
42838,19,32
42837,20,31
42836,32,19
42835,29,22
42832,13,37
42831,26,25
42830,30,21
42828,24,27
42825,28,23
42824,24,27
42823,31,20
42822,41,10
42821,12,39
42818,24,27
42817,44,6
42816,10,41
42815,24,27
42814,23,27
42811,16,35
42810,43,8
42809,28,22
42808,44,7
42804,23,28
42803,26,25
42802,16,35
42801,15,33
42800,37,14
42797,25,26
42796,15,36
42795,31,20
42794,19,31
42793,8,43
42789,23,28
42788,20,31
42787,34,17
42786,37,14
42783,28,22
42782,37,14
42781,14,37
42780,21,29
42779,26,25
42776,27,23
42775,26,25
42774,29,22
42773,14,37
42772,37,14
42769,26,25
42768,25,26
42767,37,14
42766,15,36
42765,18,33
42762,31,19
42760,40,11
42759,44,7
42758,32,18
42755,11,40
42754,26,24
42753,32,19
42752,17,34
42751,32,19
42748,18,32
42747,20,31
42746,42,9
42745,38,12
42744,22,29
42741,21,30
42740,45,6
42739,27,24
42738,27,23
42737,30,21
42734,46,5
42733,42,9
42732,29,21
42731,49,2
42730,5,46
42727,24,26
42726,6,45
42725,23,28
42724,21,30
42723,17,34
42720,19,32
42719,19,32
42718,15,36
42717,35,16
42716,7,44
42713,25,26
42712,47,4
42711,12,39
42710,31,20
42709,32,19
42706,8,43
42705,20,31
42704,41,10
42703,30,21
42702,34,17
42699,43,8
42698,20,31
42697,36,15
42696,40,10
42695,7,43
42692,28,23
42691,21,29
42690,22,28
42689,14,37
42685,1,50
42684,34,17
42683,12,38
42682,31,20
42681,36,15
42678,17,34
42677,18,33
42676,6,45
42675,25,26
42673,25,26
42671,31,19
42670,15,35
42669,12,38
42668,19,32
42667,23,28
42664,27,24
42663,34,17
42662,27,23
42661,47,4
42660,6,45
42657,29,22
42656,9,42
42653,28,23
42650,19,32
42649,19,31
42648,20,30
42647,35,16
42646,47,3
42643,28,23
42642,3,48
42641,40,11
42640,20,31
42639,9,42
42636,16,35
42635,39,12
42634,28,23
42633,22,29
42632,37,14
42629,32,19
42628,23,28
42627,29,22
42625,5,46
42622,9,42
42621,37,14
42620,21,30
42619,43,8
42615,34,17
42614,24,27
42613,27,23
42612,47,4
42611,30,21
42608,22,29
42607,12,39
42606,24,27
42605,22,29
42604,16,35
42601,21,30
42600,35,16
42599,25,26
42598,21,30
42594,38,13
42593,27,24
42592,8,43
42591,17,33
42590,35,16
42587,42,9
42586,28,23
42585,12,39
42584,19,32
42583,29,21
42580,24,27
42579,23,28
42578,34,17
42577,14,35
42576,43,8
42573,31,20
42572,15,36
42571,31,20
42570,33,17
42569,19,32
42566,32,19
42565,39,11
42564,19,32
42563,34,16
42562,48,3
42559,23,28
42558,22,29
42556,17,34
42555,35,16
42552,33,18
42551,45,6
42550,43,8
42549,29,22
42548,27,23
42545,10,41
42544,37,14
42543,25,26
42542,15,36
42541,36,15
42538,28,23
42537,14,37
42536,43,8
42535,22,28
42534,21,30
42531,18,33
42530,22,29
42529,30,21
42528,39,11
42527,20,31
42524,26,25
42523,36,15
42522,26,25
42521,24,27
42520,28,23
42517,39,12
42516,37,14
42515,50,1
42514,29,22
42513,19,32
42510,21,30
42509,11,40
42508,19,30
42507,27,24
42506,28,22
42503,9,42
42502,33,18
42501,18,33
42500,26,24
42499,43,8
42496,28,23
42495,23,28
42494,17,34
42493,18,33
42492,20,31
42489,28,23
42488,8,43
42487,28,23
42486,45,6
42485,20,31
42482,24,27
42481,19,31
42480,30,21
42478,31,20
42473,47,4
42472,36,15
42471,46,5
42468,32,19
42467,15,36
42466,32,19
42465,4,47
42464,31,19
42461,21,30
42460,21,29
42459,45,5
42458,22,28
42457,12,38
42452,24,26
42451,26,23
42450,41,8
42447,44,6
42446,30,18
42445,26,23
42444,16,34
42443,38,12
42440,28,22
42439,20,30
42438,35,15
42437,27,23
42433,28,22
42432,43,7
42431,41,9
42430,47,3
42429,17,33
42426,35,15
42425,13,37
42424,12,38
42423,2,48
42422,28,22
42419,32,18
42418,35,15
42417,37,13
42416,7,43
42415,46,4
42412,24,26
42411,3,47
42410,13,37
42409,16,34
42408,13,37
42405,39,11
42404,36,14
42403,4,46
42402,5,45
42401,24,26
42398,40,10
42397,21,29
42396,23,27
42394,23,27
42391,43,7
42390,21,29
42389,6,44
42388,36,14
42387,12,38
42384,9,41
42383,15,34
42382,28,22
42381,13,37
42380,17,33
42377,32,18
42376,1,49
42375,14,36
42374,24,26
42373,4,46
42370,29,20
42369,34,16
42368,19,30
42367,25,25
42366,35,15
42362,27,23
42361,43,7
42360,13,37
42359,41,8
42356,9,41
42355,42,8
42354,37,13
42353,34,16
42352,34,16
42349,11,39
42348,37,13
42347,5,45
42346,9,41
42345,27,23
42342,6,42
42341,8,42
42340,21,29
42339,29,20
42338,19,30
42335,35,15
42334,34,16
42332,18,32
42331,24,26
42328,34,16
42327,43,7
42326,9,41
42325,31,19
42324,34,16
42321,13,37
42319,45,5
42318,7,43
42317,17,33
42314,26,24
42313,10,40
42312,18,31
42311,28,22
42310,30,19
42307,15,35
42306,14,35
42305,20,30
42304,18,32
42303,22,28
42300,33,17
42298,25,24
42297,18,32
42296,25,25
42293,36,14
42292,37,13
42291,21,28
42290,25,23
42289,23,27
42286,27,22
42285,18,32
42284,34,16
42283,26,24
42282,45,4
42278,27,23
42277,36,14
42276,25,25
42275,14,36
42271,27,23
42270,29,21
42269,4,46
42268,24,26
42265,34,16
42263,41,9
42262,11,39
42261,44,6
42258,21,28
42257,16,34
42256,43,7
42255,44,6
42254,9,39
42251,3,47
42250,42,8
42249,14,36
42248,3,47
42247,20,30
42244,32,18
42243,42,8
42242,18,32
42241,33,17
42240,1,49
42237,13,37
42236,6,44
42235,28,22
42234,20,30
42233,17,32
42230,47,3
42229,25,25
42228,11,39
42227,14,36
42226,16,33
42223,16,34
42222,30,19
42221,34,14
42220,25,25
42219,26,23
42216,36,14
42215,32,18
42214,33,17
42213,19,31
42212,5,45
42209,16,34
42208,16,33
42207,42,8
42206,10,39
42205,22,28
42202,32,18
42201,37,13
42200,40,9
42199,26,23
42198,45,4
42195,30,20
42194,21,28
42193,1,49
42192,20,30
42191,34,16
42188,32,17
42187,24,26
42186,41,9
42185,34,16
42184,10,40
42181,25,25
42180,27,23
42179,14,36
42178,33,17
42177,44,6
42174,38,12
42173,39,11
42172,30,19
42171,36,14
42170,25,25
42167,22,28
42166,2,48
42165,42,8
42164,22,28
42163,12,38
42160,20,30
42159,22,28
42158,9,41
42157,3,47
42156,30,19
42153,44,6
42152,18,31
42151,30,20
42150,19,31
42149,14,36
42146,29,21
42145,24,26
42144,29,21
42143,23,27
42142,45,4
42139,26,24
42138,29,21
42137,40,10
42136,2,48
42135,46,4
42132,36,14
42131,20,30
42130,1,49
42129,20,29
42128,45,5
42124,15,35
42123,14,36
42122,34,16
42121,9,41
42118,17,33
42117,19,31
42116,31,19
42115,16,34
42114,7,43
42111,12,38
42110,17,33
42109,14,35
42107,30,20
42104,32,18
42103,32,18
42102,30,20
42101,27,22
42100,31,19
42095,39,11
42094,22,28
42093,44,6
42090,20,30
42089,8,42
42088,18,32
42087,26,24
42086,27,23
42083,17,33
42082,14,36
42081,20,30
42080,39,11
42079,24,26
42076,6,44
42075,39,11
42074,19,31
42073,16,34
42072,7,43
42068,22,28
42067,9,40
42066,35,15
42065,29,21
42063,37,13
42062,46,4
42061,10,40
42060,23,26
42059,28,21
42058,8,42
42055,15,35
42054,27,23
42053,35,15
42051,24,26
42048,41,9
42047,36,14
42046,36,14
42045,31,19
42044,10,40
42041,13,37
42040,17,32
42039,24,26
42038,22,28
42037,22,28
42034,13,37
42033,29,21
42032,24,26
42031,29,21
42027,32,18
42026,33,17
42025,28,22
42024,42,8
42023,34,16
42020,26,24
42019,46,4
42018,19,31
42017,22,28
42016,25,24
42013,27,23
42012,48,2
42011,19,31
42010,1,49
42009,24,26
42006,42,8
42005,27,21
42004,38,12
42003,27,23
42002,38,12
41999,33,17
41997,11,39
41996,17,33
41995,43,7
41992,34,16
41991,46,4
41990,21,29
41989,7,43
41988,19,31
41985,17,33
41984,15,35
41983,28,22
41982,6,44
41981,10,39
41978,20,30
41977,20,29
41976,31,18
41975,25,25
41974,18,32
41971,33,17
41970,24,25
41969,29,21
41968,17,33
41967,31,19
41964,39,11
41963,21,29
41962,13,37
41961,25,24
41960,30,20
41957,35,15
41956,21,29
41955,24,26
41954,28,22
41953,24,26
41950,20,30
41948,25,25
41946,23,27
41943,48,2
41942,37,13
41941,35,15
41940,32,18
41939,20,30
41935,37,13
41934,37,13
41933,36,14
41932,41,8
41929,38,11
41928,7,43
41926,22,28
41925,29,20
41922,10,40
41921,41,9
41920,31,19
41919,9,41
41913,15,35
41912,24,26
41911,18,32
41908,36,14
41907,10,40
41906,21,29
41905,6,44
41904,23,27
41901,28,21
41900,47,3
41899,35,15
41898,8,42
41897,12,38
41894,28,22
41893,25,25
41892,14,35
41891,22,28
41890,41,9
41887,26,24
41886,17,32
41885,25,25
41884,35,15
41883,42,8
41879,27,23
41878,31,19
41877,23,26
41876,21,29
41873,28,21
41872,24,26
41871,20,30
41870,38,12
41869,44,6
41865,38,12
41864,21,29
41863,45,5
41862,30,19
41859,10,40
41858,25,25
41857,11,39
41856,34,15
41855,42,8
41852,8,42
41851,8,42
41850,37,13
41848,15,35
41845,16,34
41844,36,14
41843,25,25
41842,34,16
41841,25,24
41838,20,29
41837,33,17
41836,44,6
41835,37,13
41834,24,26
41831,12,38
41830,25,24
41829,19,31
41828,4,46
41827,28,22
41824,28,22
41823,19,31
41822,45,5
41821,29,20
41820,43,7
41817,21,29
41816,15,35
41815,25,24
41814,39,11
41813,34,16
41810,15,35
41809,22,28
41808,13,37
41807,40,9
41806,26,23
41803,6,44
41802,30,20
41801,19,31
41800,20,30
41799,39,11
41796,41,9
41795,39,11
41794,25,25
41793,31,19
41792,37,13
41789,25,25
41788,13,37
41787,27,23
41786,21,29
41785,18,32
41782,36,14
41781,26,24
41780,17,33
41779,27,23
41778,31,19
41775,36,14
41774,21,29
41773,30,20
41772,42,8
41771,41,9
41768,45,4
41767,24,26
41766,8,41
41765,21,27
41764,25,24
41761,23,26
41759,17,33
41758,13,36
41757,17,32
41754,17,33
41752,26,24
41751,18,31
41750,31,19
41746,46,4
41745,15,35
41744,13,37
41740,18,32
41739,26,24
41738,40,10
41736,24,26
41733,16,34
41732,20,30
41731,33,17
41730,25,25
41729,30,20
41726,41,8
41725,35,14
41724,28,22
41723,27,22
41722,42,8
41720,26,24
41719,33,17
41718,11,39
41717,34,16
41716,29,21
41712,29,21
41711,24,26
41710,21,29
41709,21,29
41708,28,22
41705,36,13
41704,42,8
41703,31,19
41702,46,4
41701,10,40
41698,31,18
41696,33,17
41695,26,23
41694,33,17
41691,39,11
41690,9,41
41689,27,23
41688,36,13
41687,30,19
41684,37,13
41683,5,45
41682,26,24
41681,25,23
41680,25,24
41677,36,14
41676,26,24
41675,31,18
41674,27,22
41673,7,43
41670,36,14
41669,13,37
41668,24,25
41667,28,22
41666,4,46
41663,8,42
41662,25,24
41661,36,13
41660,26,24
41659,33,17
41656,17,33
41655,29,21
41654,45,5
41653,13,37
41652,36,14
41649,14,36
41648,18,31
41647,28,22
41646,17,33
41645,16,33
41642,19,31
41641,6,44
41640,29,21
41639,33,17
41638,16,34
41635,31,19
41634,26,24
41632,22,28
41631,35,15
41628,46,4
41627,13,37
41626,45,5
41625,25,25
41624,20,30
41621,7,43
41620,8,42
41619,15,34
41618,20,30
41617,43,7
41614,36,14
41613,35,15
41612,19,31
41611,23,27
41610,36,13
41607,43,7
41606,38,12
41605,23,27
41604,14,36
41603,46,4
41600,23,27
41599,0,50
41598,7,43
41597,25,24
41596,44,6
41592,38,11
41591,20,30
41590,10,40
41589,8,42
41586,16,34
41585,18,32
41584,12,38
41583,20,30
41581,34,16
41579,32,18
41578,35,15
41577,28,22
41576,47,3
41575,11,39
41572,15,35
41571,22,28
41570,18,32
41569,25,25
41568,35,14
41565,49,1
41564,19,31
41562,18,32
41561,24,25
41558,28,22
41557,29,20
41556,40,10
41555,25,23
41554,28,22
41551,18,30
41550,48,2
41548,28,22
41547,9,41
41544,12,38
41543,22,28
41542,22,27
41541,22,28
41540,10,40
41537,19,31
41536,48,1
41535,37,13
41534,29,21
41533,18,32
41530,35,15
41529,11,38
41528,34,16
41527,41,9
41523,33,17
41522,36,13
41521,48,2
41520,4,46
41519,37,13
41516,31,19
41515,38,12
41514,28,21
41513,4,46
41512,33,17
41509,32,18
41508,44,6
41507,10,40
41506,24,26
41505,14,36
41502,3,47
41500,31,19
41499,42,8
41498,33,17
41494,41,9
41493,27,23
41492,4,46
41491,34,16
41488,12,38
41487,17,33
41486,24,26
41485,9,41
41484,13,37
41481,17,33
41480,10,40
41479,11,39
41478,35,15
41477,24,26
41474,26,24
41473,42,8
41472,20,30
41471,22,28
41470,33,17
41467,31,19
41466,47,3
41465,14,36
41464,39,11
41463,16,34
41460,30,19
41459,33,17
41458,9,40
41457,18,32
41456,40,10
41453,46,4
41452,37,13
41451,15,33
41450,26,24
41449,9,41
41446,22,28
41445,2,48
41444,27,23
41443,14,35
41442,36,14
41439,46,4
41438,8,42
41437,23,27
41436,11,39
41435,20,30
41432,11,39
41431,22,26
41430,25,25
41429,21,29
41428,18,32
41425,5,45
41424,26,23
41423,18,32
41422,28,22
41421,43,6
41418,32,18
41417,5,45
41416,17,33
41415,14,36
41414,14,35
41411,29,21
41410,30,20
41409,46,3
41408,33,17
41407,0,49
41405,35,15
41404,34,16
41403,17,31
41402,22,28
41401,42,7
41400,32,18
41397,17,33
41396,35,15
41394,25,25
41393,32,18
41390,15,35
41389,40,10
41387,22,28
41386,35,15
41382,42,8
41381,26,22
41380,46,4
41379,28,22
41376,36,14
41375,26,24
41374,37,13
41373,14,35
41372,24,26
41369,25,25
41368,8,42
41367,5,45
41366,37,13
41365,28,22
41361,34,16
41359,26,24
41358,21,29
41355,24,26
41354,13,37
41353,15,35
41352,7,42
41351,10,40
41348,22,27
41347,40,9
41346,11,39
41345,13,36
41344,20,30
41341,42,8
41340,29,21
41339,30,20
41338,46,4
41337,16,34
41334,30,20
41333,7,42
41332,31,18
41331,8,42
41330,24,26
41327,30,20
41326,3,47
41325,20,29
41324,42,8
41323,29,21
41320,23,26
41319,20,30
41318,20,30
41317,32,18
41316,21,29
41313,10,39
41312,16,34
41311,26,24
41310,17,33
41309,17,33
41306,21,29
41305,22,28
41304,23,27
41303,15,34
41302,24,26
41299,39,11
41298,14,36
41297,22,28
41296,15,35
41295,28,21
41292,27,23
41291,31,19
41290,10,40
41289,29,21
41288,33,16
41285,6,44
41284,17,33
41283,14,36
41282,26,24
41281,16,34
41278,27,22
41277,29,21
41276,35,15
41275,41,9
41274,29,21
41271,38,12
41270,14,36
41269,40,10
41267,29,19
41264,2,48
41263,21,29
41262,39,11
41261,40,10
41260,26,24
41257,29,21
41256,12,37
41255,17,33
41254,19,31
41253,25,25
41250,17,33
41249,34,15
41248,30,20
41247,27,23
41246,25,25
41243,39,10
41242,43,7
41240,47,3
41239,31,18
41236,21,29
41235,28,22
41234,35,15
41233,18,31
41232,19,30
41229,7,43
41228,18,32
41226,17,32
41225,22,28
41222,9,40
41221,15,35
41220,41,9
41219,34,16
41218,22,27
41215,43,7
41214,42,8
41213,34,16
41212,11,39
41211,27,23
41208,14,36
41207,26,24
41205,9,40
41204,33,17
41201,10,40
41200,39,11
41199,30,20
41198,13,37
41197,26,24
41194,21,27
41193,39,11
41192,7,43
41191,33,17
41190,13,37
41187,18,32
41186,34,15
41185,25,25
41183,27,23
41180,37,13
41179,22,27
41178,18,32
41177,21,29
41176,20,30
41173,46,4
41172,16,34
41170,27,22
41169,29,21
41166,41,9
41165,24,25
41164,34,15
41163,30,19
41162,27,23
41160,35,15
41159,49,1
41158,29,21
41157,10,40
41156,32,17
41155,19,30
41152,7,43
41151,34,16
41150,15,35
41149,18,31
41148,16,34
41145,16,34
41144,26,23
41143,20,28
41142,37,13
41138,20,30
41137,20,30
41135,33,17
41134,34,16
41131,21,29
41130,23,27
41129,28,22
41128,40,10
41127,39,11
41124,19,31
41123,17,32
41122,30,20
41121,30,20
41120,46,4
41117,37,13
41116,12,38
41115,14,36
41114,28,22
41113,2,48
41110,11,39
41109,33,17
41108,33,17
41107,18,32
41106,19,31
41103,19,31
41102,16,34
41101,9,41
41100,47,3
41099,5,45
41096,16,34
41095,33,16
41094,32,18
41093,28,21
41092,32,18
41089,47,3
41088,29,21
41087,34,16
41086,32,18
41085,12,37
41082,22,28
41081,42,8
41080,32,18
41079,37,13
41078,5,45
41075,46,4
41074,10,40
41073,23,27
41072,43,6
41071,21,29
41068,32,18
41067,37,13
41066,48,2
41065,31,19
41064,24,26
41061,4,46
41060,24,26
41059,14,36
41058,27,22
41057,42,8
41054,30,20
41053,40,10
41052,15,35
41051,15,35
41050,29,21
41047,27,23
41046,25,25
41045,9,41
41044,35,15
41043,21,29
41040,14,36
41039,22,28
41038,14,36
41037,7,43
41036,30,20
41033,7,42
41032,9,41
41031,17,33
41029,34,15
41027,40,9
41026,27,23
41025,13,37
41024,16,34
41023,26,24
41022,5,45
41019,12,38
41018,31,19
41017,31,19
41016,44,6
41015,29,20
41012,22,28
41011,41,9
41010,17,33
41009,22,28
41008,7,43
41003,15,35
41002,36,13
41001,31,18
40998,47,3
40997,23,27
40996,14,36
40995,37,13
40994,4,46
40991,40,10
40990,2,48
40989,42,8
40988,33,17
40987,14,36
40984,12,38
40983,10,40
40982,31,19
40981,41,9
40980,33,17
40977,41,9
40975,24,26
40974,14,36
40973,10,40
40971,24,26
40970,30,20
40969,14,35
40968,32,18
40967,41,9
40966,4,46
40963,17,32
40962,19,30
40961,6,44
40960,34,16
40956,32,18
40955,30,19
40954,46,4
40953,27,23
40952,28,22
40949,13,37
40948,35,14
40947,35,15
40946,16,34
40945,36,14
40942,39,11
40941,34,16
40940,35,15
40939,43,7
40938,9,41
40935,29,21
40933,34,16
40932,38,12
40931,26,22
40928,31,19
40927,41,9
40926,17,33
40925,45,5
40924,23,27
40921,34,16
40920,36,14
40919,29,21
40918,47,3
40917,26,24
40915,25,24
40914,27,23
40913,24,26
40912,21,29
40911,46,4
40910,28,21
40907,19,31
40906,12,38
40905,13,35
40904,18,32
40903,39,11
40900,20,29
40899,34,16
40898,45,5
40897,9,41
40896,16,34
40893,5,45
40892,20,30
40891,11,39
40890,34,16
40889,4,46
40886,10,40
40885,10,40
40884,33,17
40882,20,30
40879,48,2
40878,42,8
40877,29,21
40876,18,32
40875,48,2
40872,15,35
40871,40,10
40870,2,48
40869,30,18
40868,2,47
40865,19,31
40864,4,46
40863,17,32
40862,4,46
40861,15,34
40858,17,31
40856,8,42
40855,24,25
40851,32,17
40850,29,21
40849,27,23
40848,15,35
40847,13,36
40844,45,5
40842,31,18
40841,43,7
40840,39,11
40837,12,37
40836,11,39
40835,48,2
40834,10,40
40833,22,28
40830,31,19
40829,16,34
40828,45,5
40827,31,19
40826,41,9
40823,45,5
40821,24,26
40820,13,36
40819,14,36
40816,8,42
40815,37,13
40814,14,35
40813,48,2
40812,16,34
40809,20,29
40808,0,50
40807,26,24
40806,48,2
40805,16,34
40802,21,29
40801,38,12
40800,38,12
40799,26,24
40798,6,44
40795,9,41
40794,27,23
40793,43,7
40792,32,18
40791,21,28
40788,32,18
40785,39,10
40784,48,2
40781,3,47
40780,17,33
40779,9,41
40778,31,18
40777,34,16
40774,11,39
40773,6,43
40772,30,20
40771,13,36
40767,14,36
40766,16,34
40765,39,11
40764,17,33
40763,13,37
40760,4,46
40759,5,45
40758,16,34
40757,14,36
40756,34,16
40753,18,32
40752,16,34
40751,16,33
40750,4,46
40749,42,8
40746,46,4
40745,16,34
40744,6,44
40743,42,8
40742,23,27
40739,17,33
40738,31,19
40737,44,6
40736,6,44
40735,13,37
40732,14,36
40731,49,1
40730,19,31
40729,23,27
40728,38,12
40725,30,20
40724,33,17
40723,37,13
40722,30,20
40721,39,11
40718,49,1
40717,29,21
40716,26,22
40715,26,24
40714,5,45
40711,18,31
40710,12,38
40709,13,37
40708,39,11
40707,26,24
40704,14,36
40703,17,33
40702,17,33
40701,30,20
40700,25,25
40697,16,34
40696,12,38
40695,31,18
40694,48,2
40693,23,27
40690,38,12
40689,41,9
40688,12,37
40687,29,21
40686,4,45
40683,41,9
40682,20,30
40681,18,32
40680,13,37
40679,13,37
40676,42,8
40675,7,43
40674,35,15
40673,24,26
40672,16,34
40669,41,9
40668,8,42
40667,20,30
40666,1,49
40665,15,35
40662,24,26
40661,9,41
40660,10,40
40659,24,26
40658,20,30
40654,32,18
40653,49,1
40652,30,19
40651,5,45
40648,8,42
40646,46,4
40644,15,35
40641,11,39
40640,20,30
40639,23,26
40638,23,26
40637,40,10
40634,28,22
40633,33,17
40632,37,13
40631,41,9
40630,33,17
40627,47,3
40626,35,14
40625,44,6
40624,45,5
40623,22,28
40620,6,44
40619,15,35
40618,43,7
40617,6,44
40616,47,3
40613,10,40
40612,21,29
40611,29,21
40610,39,11
40609,9,41
40606,24,26
40605,27,23
40603,50,0
40602,28,21
40599,29,21
40598,3,46
40597,19,31
40596,9,40
40595,33,16
40592,10,40
40591,35,14
40590,21,29
40589,31,18
40588,48,2
40585,35,15
40584,25,25
40583,13,37
40582,7,43
40581,29,21
40578,1,49
40577,44,6
40576,24,26
40575,5,45
40574,20,29
40571,10,40
40570,10,40
40568,17,33
40567,30,20
40564,17,33
40563,32,17
40562,17,33
40561,41,9
40560,20,30
40557,9,40
40556,7,43
40555,43,7
40554,19,31
40553,3,47
40550,1,49
40549,20,30
40548,12,38
40547,24,26
40546,35,14
40543,35,15
40542,40,10
40541,37,12
40540,31,19
40539,21,29
40536,37,13
40535,20,30
40534,23,27
40533,34,16
40532,22,28
40528,31,19
40527,12,38
40526,33,16
40525,39,11
40522,38,12
40521,3,47
40520,11,39
40519,30,20
40518,26,24
40515,21,29
40514,33,17
40513,40,10
40512,32,18
40511,37,12
40508,14,36
40507,9,41
40506,8,42
40505,9,41
40504,45,5
40501,7,43
40500,29,21
40498,2,47
40497,32,18
40494,5,45
40493,10,40
40492,18,32
40491,35,15
40490,19,31
40487,43,7
40486,44,6
40485,36,14
40484,25,25
40483,45,5
40480,23,26
40479,14,35
40478,9,41
40477,16,34
40476,39,11
40473,15,35
40472,48,2
40471,12,38
40470,14,36
40469,26,22
40466,3,47
40465,5,45
40464,48,2
40463,13,37
40462,34,16
40459,20,30
40458,8,42
40457,34,16
40456,21,29
40455,31,19
40452,47,3
40451,29,21
40450,17,33
40449,26,23
40448,30,20
40445,46,4
40444,17,33
40443,21,29
40442,22,27
40441,42,8
40438,36,14
40437,17,33
40436,35,13
40435,31,19
40434,42,8
40430,27,23
40429,30,20
40428,30,20
40427,44,6
40424,23,27
40423,27,23
40422,44,5
40421,22,28
40420,29,21
40417,9,41
40416,29,21
40415,14,35
40414,12,38
40413,32,17
40410,24,26
40409,30,19
40408,36,14
40407,19,31
40406,14,35
40403,36,14
40402,19,29
40401,12,38
40400,12,38
40399,39,11
40396,16,34
40395,16,33
40394,29,19
40393,22,28
40392,42,8
40389,17,33
40388,24,26
40387,23,27
40386,31,19
40385,17,31
40382,21,28
40381,40,9
40380,34,16
40379,18,32
40378,21,29
40375,27,22
40374,25,24
40373,15,34
40372,32,18
40371,27,23
40368,37,13
40367,42,8
40366,7,42
40365,40,9
40364,22,26
40361,25,25
40360,8,42
40359,43,7
40358,4,46
40357,44,6
40354,14,36
40353,22,28
40352,33,17
40351,11,39
40350,48,2
40347,20,29
40346,36,13
40345,22,27
40344,37,13
40343,44,6
40340,31,19
40339,46,4
40338,33,17
40337,10,40
40336,5,45
40333,31,19
40332,48,2
40331,38,12
40330,4,46
40329,30,19
40326,43,7
40325,42,8
40324,41,9
40323,1,49
40322,24,26
40319,19,31
40318,28,22
40317,3,46
40316,26,23
40315,13,37
40312,7,43
40311,33,16
40310,30,20
40309,7,43
40308,47,3
40305,9,41
40304,18,32
40303,18,32
40302,4,45
40301,12,37
40298,31,19
40297,29,21
40296,10,39
40295,21,29
40294,29,20
40291,24,25
40290,25,25
40289,33,17
40288,35,15
40287,9,41
40284,19,31
40283,19,31
40281,16,33
40280,21,29
40277,32,18
40276,9,41
40275,23,26
40274,23,27
40273,43,7
40269,33,17
40268,23,26
40267,15,35
40266,30,19
40263,28,22
40262,31,19
40260,32,18
40259,9,41
40256,31,19
40255,29,21
40254,34,16
40253,45,5
40252,21,29
40249,24,26
40248,22,28
40247,31,18
40246,12,38
40245,38,12
40242,26,24
40241,27,22
40240,39,11
40239,37,12
40235,41,9
40234,25,25
40233,20,29
40232,25,25
40231,23,27
40228,11,38
40227,20,30
40226,39,11
40225,42,8
40224,19,31
40220,45,5
40219,15,34
40218,32,18
40217,23,27
40215,48,2
40214,1,48
40213,5,45
40212,46,4
40211,6,44
40210,36,14
40207,25,25
40206,31,19
40205,1,49
40203,18,32
40200,7,43
40199,0,50
40198,24,26
40197,10,40
40196,29,21
40193,22,28
40192,24,26
40191,29,20
40190,8,42
40189,35,15
40186,25,25
40185,19,31
40184,28,22
40183,38,12
40182,38,12
40178,32,18
40177,23,26
40176,28,22
40171,39,11
40170,50,0
40169,35,15
40168,9,40
40165,10,40
40164,29,21
40163,25,25
40162,8,41
40161,18,32
40158,14,36
40157,26,24
40156,18,32
40155,44,6
40154,15,35
40151,23,27
40150,29,21
40149,23,27
40148,45,5
40147,42,7
40144,13,37
40143,7,43
40142,28,22
40141,18,32
40140,33,17
40137,41,9
40136,5,45
40135,26,23
40134,26,24
40133,45,4
40130,36,14
40129,17,33
40128,46,3
40127,15,35
40126,45,5
40123,31,19
40122,39,11
40121,45,5
40120,4,46
40116,20,30
40115,12,38
40114,19,31
40113,7,43
40112,18,32
40109,28,22
40108,9,41
40107,14,36
40106,16,34
40103,31,19
40102,26,24
40101,24,26
40100,35,15
40098,45,5
40095,8,42
40094,38,12
40093,20,30
40092,31,19
40091,12,38
40087,25,25
40086,40,10
40085,29,19
40081,19,31
40080,27,23
40079,10,40
40078,38,12
40074,32,18
40073,29,19
40072,40,10
40071,45,5
40070,16,34
40067,21,28
40066,20,29
40065,20,30
40064,19,31
40063,45,5
40060,46,3
40059,16,34
40058,20,30
40057,11,38
40056,17,32
40053,34,16
40052,26,24
40051,30,20
40050,25,25
40049,47,3
40046,47,3
40045,45,5
40044,8,42
40043,39,11
40042,0,50
40039,14,36
40038,50,0
40037,23,27
40036,34,16
40035,13,37
40032,7,43
40031,6,44
40030,22,28
40029,14,36
40028,39,11
40025,31,19
40024,32,18
40023,14,36
40022,31,19
40021,31,19
40018,35,14
40017,49,1
40016,8,42
40015,13,37
40014,40,10
40011,47,3
40010,24,26
40009,48,2
40008,48,2
40007,17,33
40004,10,40
40003,28,21
40002,8,42
40001,31,19
40000,3,47
39997,43,6
39996,24,25
39995,41,9
39994,6,44
39993,31,19
39990,45,5
39989,16,34
39988,40,10
39987,20,30
39986,9,41
39983,41,9
39982,8,42
39981,0,50
39980,40,10
39979,20,30
39976,10,39
39975,21,29
39974,41,9
39973,45,5
39972,6,44
39969,32,18
39968,36,14
39967,29,21
39966,21,29
39965,36,14
39962,40,10
39961,32,18
39960,45,5
39959,5,45
39958,27,23
39955,27,23
39954,8,42
39953,29,21
39952,26,24
39951,50,0
39948,43,6
39947,16,34
39946,18,32
39945,47,3
39944,8,41
39941,8,42
39940,36,14
39939,17,33
39938,26,24
39937,47,3
39932,45,5
39931,1,49
39930,20,30
39927,37,12
39926,43,7
39925,14,36
39924,18,31
39923,24,26
39920,26,24
39919,9,41
39918,41,9
39916,27,23
39912,27,23
39911,41,9
39909,34,16
39905,48,2
39904,31,19
39903,43,7
39902,3,46
39899,38,10
39898,42,8
39897,36,14
39896,30,20
39895,48,2
39892,24,26
39891,30,19
39890,36,14
39889,16,33
39888,42,8
39885,42,8
39884,39,11
39881,7,43
39878,39,11
39877,7,43
39876,36,14
39875,7,43
39874,1,49
39871,17,33
39870,29,21
39869,36,14
39868,23,27
39864,2,48
39863,31,19
39862,26,24
39861,1,49
39860,2,48
39857,43,7
39856,14,36
39855,22,27
39854,29,20
39853,48,2
39850,45,5
39849,17,32
39848,28,21
39847,33,16
39846,4,46
39843,42,8
39842,18,32
39841,45,5
39840,45,5
39836,10,40
39835,19,31
39834,7,43
39833,6,43
39832,27,23
39829,42,8
39828,4,46
39827,44,6
39826,22,28
39825,5,45
39822,19,31
39820,6,44
39819,25,25
39818,38,11
39815,29,21
39814,44,6
