Date,PX_LAST,PX_VOLUME
#NAME?,11520.3,262701024
43346,11582.35,241726864
43343,11680.5,357230304
43342,11676.8,323450304
43341,11691.9,259351552
43340,11738.5,249420320
43339,11691.95,205689328
43336,11557.1,225604576
43335,11582.75,256163840
43333,11570.9,231063664
43332,11551.75,239843360
43329,11470.75,241985504
43328,11385.05,299610304
43326,11435.1,239841680
43325,11355.75,254466752
43322,11429.5,336424192
43321,11470.7,311521408
43320,11450,217047648
43319,11389.45,233409616
43318,11387.1,210002576
43315,11360.8,225146368
43314,11244.7,216533120
43313,11346.2,278012704
43312,11356.5,264430896
43311,11319.55,287435936
43308,11278.35,324343456
43307,11167.3,376657408
43306,11132,212333168
43305,11134.3,212247392
43304,11084.75,236153088
43301,11010.2,193144112
43300,10957.1,222056400
43299,10980.45,232502464
43298,11008.05,217107584
43297,10936.85,216971408
43294,11018.9,241670816
43293,11023.2,256034816
43292,10948.3,229212000
43291,10947.25,203061984
43290,10852.9,189331008
43287,10772.65,256547712
43286,10749.75,227267168
43285,10769.9,179268272
43284,10699.9,208371552
43283,10657.3,304536672
43280,10714.3,250327872
43279,10589.1,363157312
43278,10671.4,253620800
43277,10769.15,226846384
43276,10762.45,236693280
43273,10821.85,236898416
43272,10741.1,230507376
43271,10772.05,199467088
43270,10710.45,231382784
43269,10799.85,202727200
43266,10817.7,314764416
43265,10808.05,190031664
43264,10856.7,220003040
43263,10842.85,204419184
43262,10786.95,217849904
43259,10767.65,215942528
43258,10768.35,227663152
43257,10684.65,195761424
43256,10593.15,172898032
43255,10628.5,210148320
43252,10696.2,227355568
43251,10736.15,629198592
43250,10614.35,246124256
43249,10633.3,232761568
43248,10688.65,239786000
43245,10605.15,268914880
43244,10513.85,306792512
43243,10430.35,299919104
43242,10536.7,249236640
43241,10516.7,197294176
43238,10596.4,229908944
43237,10682.7,220738928
43236,10741.1,238221888
43235,10801.85,262202304
43234,10806.6,176697504
43231,10806.5,209392112
43230,10716.55,197988480
43229,10741.7,222115648
43228,10717.8,278118624
43227,10715.5,173620240
43224,10618.25,192296048
43223,10679.65,190869808
43222,10718.05,236757168
43220,10739.35,179163472
43217,10692.3,306671168
43216,10617.8,345536160
43215,10570.55,195129616
43214,10614.35,225972672
43213,10584.7,200203200
43210,10564.05,252227264
43209,10565.3,270740896
43208,10526.2,211823040
43207,10548.7,212449536
43206,10528.35,200950880
43203,10480.6,219724720
43202,10458.65,246027888
43201,10417.15,258077360
43200,10402.25,259523888
43199,10379.35,228512960
43196,10331.6,206355696
43195,10325.15,244116240
43194,10128.4,238182928
43193,10245,211652032
43192,10211.8,232432640
43187,10113.7,354977184
43186,10184.15,232713984
43185,10130.65,270665344
43182,9998.05,294515168
43181,10114.75,237632976
43180,10155.25,211060432
43179,10124.35,209327600
43178,10094.25,216670032
43175,10195.15,338702432
43174,10360.15,179308592
43173,10410.9,186991168
43172,10426.85,274852800
43171,10421.4,223135456
43168,10226.85,192333328
43167,10242.65,233377712
43166,10154.2,257200592
43165,10249.25,229782304
43164,10358.85,199975712
43160,10458.35,181378496
43159,10492.85,294794208
43158,10554.3,193250160
43157,10582.6,177238624
43154,10491.05,217134368
43153,10382.7,323259072
43152,10397.45,241331536
43151,10360.4,193464864
43150,10378.4,193087744
43147,10452.3,190043184
43146,10545.5,217090240
43145,10500.9,236329440
43143,10539.75,224114800
43140,10454.95,197502912
43139,10576.85,239407936
43138,10476.7,258095424
43137,10498.25,274656448
43136,10666.55,247479152
43133,10760.6,291432000
43132,11016.9,315743488
43131,11027.7,253462576
43130,11049.65,234969504
43129,11130.4,249220720
43125,11069.65,340469472
43124,11086,292197056
43123,11083.7,293445760
43122,10966.2,238815808
43119,10894.7,214011968
43118,10817,321609376
43117,10788.55,260488464
43116,10700.45,217468080
43115,10741.55,181262080
43112,10681.25,180592160
43111,10651.2,158630048
43110,10632.2,181900016
43109,10637,211291568
43108,10623.6,174181232
43105,10558.85,186469712
43104,10504.8,180257392
43103,10443.2,172516864
43102,10442.2,158092432
43101,10435.55,134532096
43098,10530.7,156736224
43097,10477.9,281309984
43096,10490.75,170307120
43095,10531.5,160417376
43091,10493,143119168
43090,10440.3,156646976
43089,10444.2,180597456
43088,10463.2,174340672
43087,10388.75,237506976
43084,10333.25,262974704
43083,10252.1,159103968
43082,10192.95,187191968
43081,10240.15,180546896
43080,10322.25,152034656
43077,10265.65,206234016
43076,10166.7,171339024
43075,10044.1,171208368
43074,10118.25,160253040
43073,10127.75,153240128
43070,10121.8,147765536
43069,10226.55,353105248
43068,10361.3,157192928
43067,10370.25,202050864
43066,10399.55,146276512
43063,10389.7,133177328
43062,10348.75,157651840
43061,10342.3,162504064
43060,10326.9,191859088
43059,10298.75,151751408
43056,10283.6,209592896
43055,10214.75,188180032
43054,10118.05,213836208
43053,10186.6,314413472
43052,10224.95,216799584
43049,10321.75,287962944
43048,10308.95,247606608
43047,10303.15,282950336
43046,10350.15,295830688
43045,10451.8,199559408
43042,10452.5,206101232
43041,10423.8,207735024
43040,10440.5,268270464
43039,10335.3,239809696
43038,10363.65,244193184
43035,10323.05,322411424
43034,10343.8,443036000
43033,10295.35,612620800
43032,10207.7,223914320
43031,10184.85,224799216
43027,10146.55,31086380
43026,10210.85,262111792
43025,10234.45,201782384
43024,10230.85,209327360
43021,10167.45,237230048
43020,10096.4,207106672
43019,9984.8,195593056
43018,10016.95,153246576
43017,9988.75,148395840
43014,9979.7,201858896
43013,9888.7,152362416
43012,9914.9,160993984
43011,9859.5,167833408
43007,9788.6,202350208
43006,9768.95,396874528
43005,9735.75,206305984
43004,9871.5,196792800
43003,9872.6,228206976
43000,9964.4,233621600
42999,10121.9,197710672
42998,10141.15,205605248
42997,10147.55,193345984
42996,10153.1,160852672
42993,10085.4,274799136
42992,10086.6,232637520
42991,10079.3,221608048
42990,10093.05,188248288
42989,10006.05,178409872
42986,9934.8,168698768
42985,9929.9,194626592
42984,9916.2,153767840
42983,9952.2,143522336
42982,9912.85,153369488
42979,9974.4,162730656
42978,9917.9,337782016
42977,9884.4,162704128
42976,9796.05,178668448
42975,9912.8,164493776
42971,9857.05,190398704
42970,9852.5,173815504
42969,9765.55,189267120
42968,9754.35,211627776
42965,9837.4,253931520
42964,9904.15,203652304
42963,9897.3,226269008
42961,9794.15,201613584
42958,9710.8,294732992
42957,9820.25,242820592
42956,9908.05,174395296
42955,9978.55,209645344
42954,10057.4,141566288
42951,10066.4,184082128
42950,10013.65,198665840
42949,10081.5,166463280
42948,10114.65,190000512
42947,10077.1,245096528
42944,10014.5,197491408
42943,10020.55,296782048
42942,10020.65,203697840
42941,9964.55,191206240
42940,9966.4,179905536
42937,9915.25,193286128
42936,9873.3,166083008
42935,9899.6,206376192
42934,9827.15,303007872
42933,9915.95,168596768
42930,9886.35,164456608
42929,9891.7,186866752
42928,9816.1,150045600
42927,9786.05,185322352
42926,9771.05,40142972
42923,9665.8,146232144
42922,9674.55,152001936
42921,9637.6,134849472
42920,9613.3,149313760
42919,9615,188690592
42916,9520.9,185202592
42915,9504.1,267283584
42914,9491.25,177652208
42913,9511.4,209593904
42909,9574.95,180580576
42908,9630,204888656
42907,9633.6,148490560
42906,9653.5,164437232
42905,9657.55,146146064
42902,9588.05,219808528
42901,9578.05,176423424
42900,9618.15,187378752
42899,9606.9,133734360
42898,9616.4,145786944
42895,9668.25,163897552
42894,9647.25,160165456
42893,9663.9,165669920
42892,9637.15,150379696
42891,9675.1,131685024
42888,9653.5,167195024
42887,9616.1,181533280
42886,9621.25,427053440
42885,9624.55,199894192
42884,9604.9,242266032
42881,9595.1,225647632
42880,9509.75,298147360
42879,9360.55,218265184
42878,9386.15,231345632
42877,9438.25,202874752
42874,9427.9,259861392
42873,9429.45,199340640
42872,9525.75,211856032
42871,9512.25,171709440
42870,9445.4,145163952
42867,9400.9,159079424
42866,9422.4,176439840
42865,9407.3,157363136
42864,9316.85,136417424
42863,9314.05,179709952
42860,9285.3,239133536
42859,9359.9,277895936
42858,9311.95,156342496
42857,9313.8,166558240
42853,9304.05,167229360
42852,9342.15,215881712
42851,9351.85,191395120
42850,9306.6,173896944
42849,9217.95,172908048
42846,9119.4,159981264
42845,9136.4,175629904
42844,9103.5,179117376
42843,9105.15,179569568
42842,9139.3,132244224
42838,9150.8,171695600
42837,9203.45,166755008
42836,9237,206261728
42835,9181.45,139968752
42832,9198.3,195918752
42831,9261.95,191937200
42830,9265.15,190529456
42828,9237.85,143444544
42825,9173.75,196771680
42824,9173.75,333410368
42823,9143.8,250902912
42822,9100.8,188985600
42821,9045.2,209036048
42818,9108,210021584
42817,9086.3,197705280
42816,9030.45,239463696
42815,9121.5,255396080
42814,9126.85,342395904
42811,9160.05,295554272
42810,9153.7,215096448
42809,9084.8,248033248
42808,9087,278726944
42804,8934.55,157420000
42803,8927,176810448
42802,8924.3,183325536
42801,8946.9,178827504
42800,8963.45,180194592
42797,8897.55,208915872
42796,8899.75,225608144
42795,8945.8,212328976
42794,8879.6,302722880
42793,8896.7,195847104
42789,8939.5,388874112
42788,8926.9,254677952
42787,8907.85,181091328
42786,8879.2,173022368
42783,8821.7,307526016
42782,8778,190277744
42781,8724.7,222828912
42780,8792.3,194133568
42779,8805.05,211180352
42776,8793.55,232947344
42775,8778.4,193282240
42774,8769.05,225485728
42773,8768.3,233294528
42772,8801.05,200403776
42769,8740.95,196936240
42768,8734.25,292329216
42767,8716.4,337797408
42766,8561.3,537110144
42765,8632.75,314110752
42762,8641.25,283905824
42760,8602.75,301490144
42759,8475.8,184745776
42758,8391.5,200993104
42755,8349.35,208901232
42754,8435.1,170956144
42753,8417,168867040
42752,8398,125781216
42751,8412.8,127938832
42748,8400.35,190949616
42747,8407.2,177948384
42746,8380.65,192285424
42745,8288.6,147312928
42744,8236.05,102211192
42741,8243.8,143689856
42740,8273.8,163957456
42739,8190.5,136476352
42738,8192.25,131186024
42737,8179.5,122016112
42734,8185.8,131457248
42733,8103.6,183984080
42732,8034.85,130580704
42731,8032.85,122463312
42730,7908.25,110171224
42727,7985.75,127921704
42726,7979.1,126409584
42725,8061.3,127543736
42724,8082.4,132026744
42723,8104.35,110669712
42720,8139.45,209268336
42719,8153.6,187425984
42718,8182.45,149132512
42717,8221.8,189739552
42716,8170.8,111432552
42713,8261.75,154344768
42712,8246.85,146857616
42711,8102.05,175024336
42710,8143.15,118854320
42709,8128.75,130435864
42706,8086.8,176767408
42705,8192.9,162597216
42704,8224.5,255725360
42703,8142.15,195618384
42702,8126.9,195595280
42699,8114.3,183355872
42698,7965.5,268619040
42697,8033.3,186602336
42696,8002.3,216677648
42695,7929.1,225608896
42692,8074.1,166199552
42691,8079.95,197183088
42690,8111.6,277801248
42689,8108.45,370298048
42685,8296.3,275221696
42684,8525.75,271196928
42683,8432,323968640
42682,8543.55,201759648
42681,8497.05,178070528
42678,8433.75,231783152
42677,8484.95,175773248
42676,8514,160130480
42675,8626.25,170068992
42673,8625.7,16610872
42671,8638,180906080
42670,8615.25,250336336
42669,8615.25,226133072
42668,8691.3,195696480
42667,8708.95,161966272
42664,8693.05,162162048
42663,8699.4,165952096
42662,8659.1,177397872
42661,8677.9,216626080
42660,8520.4,203516576
42657,8583.4,167848944
42656,8573.35,218861328
42653,8708.8,111794056
42650,8697.6,155053792
42649,8709.55,168713600
42648,8743.95,162103952
42647,8769.15,189990144
42646,8738.1,141472080
42643,8611.15,187333280
42642,8591.25,384395264
42641,8745.15,170643696
42640,8706.4,156100528
42639,8723.05,169050080
42636,8831.55,191618176
42635,8867.45,178136640
42634,8777.15,153441328
42633,8775.9,140718480
42632,8808.4,135814176
42629,8779.85,274039552
42628,8742.55,149889696
42627,8726.6,189984288
42625,8715.6,190199616
42622,8866.7,181344320
42621,8952.5,223937056
42620,8917.95,299145632
42619,8943,201617136
42615,8809.65,197385216
42614,8774.65,246336048
42613,8786.2,373422336
42612,8744.35,154828720
42611,8607.45,133723768
42608,8572.55,152146672
42607,8592.2,219736208
42606,8650.3,154168048
42605,8632.6,193302496
42604,8629.15,156976544
42601,8666.9,197770560
42600,8673.25,169431648
42599,8624.05,179540688
42598,8642.55,231771408
42594,8672.15,272014048
42593,8592.15,195114544
42592,8575.3,178963488
42591,8678.25,206261248
42590,8711.35,177877008
42587,8683.15,162784912
42586,8551.1,169780464
42585,8544.85,168033072
42584,8622.9,174556784
42583,8636.55,194186864
42580,8638.5,161935152
42579,8666.3,240721872
42578,8615.8,189796384
42577,8590.65,159563472
42576,8635.65,154631392
42573,8541.2,147619648
42572,8510.1,154575680
42571,8565.85,165349376
42570,8528.55,173050800
42569,8508.7,169400448
42566,8541.4,228598688
42565,8565,158738496
42564,8519.5,201492192
42563,8521.05,189339744
42562,8467.9,154399936
42559,8323.2,142159936
42558,8337.9,160327312
42556,8335.95,143253936
42555,8370.7,158955824
42552,8328.35,170581888
42551,8287.75,288031936
42550,8204,151499712
42549,8127.85,175724272
42548,8094.7,167462704
42545,8088.6,306803648
42544,8270.45,158852672
42543,8203.7,140268304
42542,8219.9,141161920
42541,8238.5,173750784
42538,8170.2,171842752
42537,8140.75,195028736
42536,8206.6,174953936
42535,8108.85,150042368
42534,8110.6,174916288
42531,8170.05,187757376
42530,8203.6,180293040
42529,8273.05,179710368
42528,8266.45,249365712
42527,8201.05,176885232
42524,8220.8,390652032
42523,8218.95,187316368
42522,8179.95,200371824
42521,8160.1,485645728
42520,8178.5,255086288
42517,8156.65,268963936
42516,8069.65,272456320
42515,7934.9,181636656
42514,7748.85,151538176
42513,7731.05,177347952
42510,7749.7,161889440
42509,7783.4,175711824
42508,7870.15,161169424
42507,7890.75,189140816
42506,7860.75,211547776
42503,7814.9,185061776
42502,7900.4,157444912
42501,7848.85,220712496
42500,7887.8,166957280
42499,7866.05,165616832
42496,7733.45,168662224
42495,7735.5,190792832
42494,7706.55,205939088
42493,7747,192271376
42492,7805.9,150818176
42489,7849.8,251227040
42488,7847.25,301485184
42487,7979.9,213174064
42486,7962.65,208656800
42485,7855.05,150776960
42482,7899.3,188988544
42481,7912.05,230577120
42480,7914.75,211630064
42478,7914.7,190258560
42473,7850.45,227217280
42472,7708.95,168508976
42471,7671.4,185353264
42468,7555.2,147816464
42467,7546.45,241684048
42466,7614.35,170653808
42465,7603.2,210126896
42464,7758.8,160277936
42461,7713.05,189571552
42460,7738.4,391914048
42459,7735.2,239843744
42458,7597,223493456
42457,7615.1,249905120
42452,7716.5,205794768
42451,7714.9,215355840
42450,7704.25,202853392
42447,7604.35,244727488
42446,7512.55,247043952
42445,7498.75,201430032
42444,7460.6,199653872
42443,7538.75,172067216
42440,7510.2,204806576
42439,7486.15,231584304
42438,7531.8,252709392
42437,7485.3,264945392
42433,7485.35,290441216
42432,7475.6,287248544
42431,7368.85,348965696
42430,7222.3,283561568
42429,6987.05,487969280
42426,7029.75,213142576
42425,6970.6,291932544
42424,7018.7,205898416
42423,7109.55,200396976
42422,7234.55,159162848
42419,7210.75,198206480
42418,7191.75,254331504
42417,7108.45,268017968
42416,7048.25,261607456
42415,7162.95,365217088
42412,6980.95,344210720
42411,6976.35,301302944
42410,7215.7,254481344
42409,7298.2,218730272
42408,7387.25,176758992
42405,7489.1,257518896
42404,7404,229563360
42403,7361.8,197863296
42402,7455.55,237338912
42401,7555.95,206645024
42398,7563.55,307934048
42397,7424.65,283036288
42396,7437.75,193389888
42394,7436.15,168202496
42391,7422.45,236282064
42390,7276.8,248113280
42389,7309.3,232614144
42388,7435.1,194068336
42387,7351,240798176
42384,7437.8,203643072
42383,7536.8,206988544
42382,7562.4,221908256
42381,7510.3,168975968
42380,7563.85,194836784
42377,7601.35,162348688
42376,7568.3,194732864
42375,7741,151715824
42374,7784.65,149672976
42373,7791.3,138864912
42370,7963.2,64843836
42369,7946.35,155645104
42368,7896.25,110145856
42367,7928.95,116535968
42366,7925.15,126737808
42362,7861.05,96374248
42361,7865.95,121480720
42360,7786.1,129633328
42359,7834.45,130174104
42356,7761.95,197319840
42355,7844.35,181256784
42354,7750.9,159149344
42353,7700.9,138479056
42352,7650.05,153492608
42349,7610.45,172996480
42348,7683.3,145249296
42347,7612.5,144315696
42346,7701.7,139318400
42345,7765.4,141893280
42342,7781.9,157231680
42341,7864.15,129628400
42340,7931.35,130207408
42339,7954.9,142945424
42338,7935.25,223041696
42335,7942.7,154863040
42334,7883.8,226632192
42332,7831.6,134562912
42331,7849.25,130871600
42328,7856.55,156610432
42327,7842.75,136702512
42326,7731.8,148037728
42325,7837.55,149451216
42324,7806.6,154134880
42321,7762.25,165876816
42319,7825,22380436
42318,7783.35,170267408
42317,7915.2,218422384
42314,7954.3,226329408
42313,7955.45,136223824
42312,8040.2,125935848
42311,8060.7,136625376
42310,8050.8,140323984
42307,8065.8,205663488
42306,8111.75,224234128
42305,8171.2,194708672
42304,8232.9,161493488
42303,8260.55,138006304
42300,8295.45,156664304
42298,8251.7,149270048
42297,8261.65,159947744
42296,8275.05,128300208
42293,8238.15,161153552
42292,8179.5,172429856
42291,8107.9,143158112
42290,8131.7,150431776
42289,8143.6,205255920
42286,8189.7,205859184
42285,8129.35,177030496
42284,8177.4,199911168
42283,8152.9,184037904
42282,8119.3,188830272
42278,7950.9,161809888
42277,7948.9,217187904
42276,7843.3,248106976
42275,7795.7,140480208
42271,7868.5,208766512
42270,7845.95,151196368
42269,7812,173569424
42268,7977.1,125628592
42265,7981.9,249313424
42263,7899.15,144331408
42262,7829.1,140722000
42261,7872.25,126630776
42258,7789.3,140576944
42257,7788.1,165313440
42256,7818.6,214842736
42255,7688.25,177514608
42254,7558.8,145763904
42251,7655.05,199569984
42250,7823,160609680
42249,7717,222003488
42248,7785.85,190581168
42247,7971.3,204254624
42244,8001.95,201572448
42243,7948.95,314422784
42242,7791.85,223261360
42241,7880.7,308255264
42240,7809,322096416
42237,8299.95,207542064
42236,8372.75,189841776
42235,8495.15,134512112
42234,8466.55,157991552
42233,8477.3,180083824
42230,8518.55,160680256
42229,8355.85,195079104
42228,8349.45,195904304
42227,8462.35,159192688
42226,8525.6,127194888
42223,8564.6,148073600
42222,8588.65,139116400
42221,8567.95,136948288
42220,8516.9,193226096
42219,8543.05,161485760
42216,8532.85,209629296
42215,8421.8,221939184
42214,8375.05,145399008
42213,8337,179983808
42212,8361,140828064
42209,8521.55,131344832
42208,8589.8,136962512
42207,8633.5,141018384
42206,8529.45,169151104
42205,8603.45,93439296
42202,8609.85,108190400
42201,8608.05,119637040
42200,8523.8,108835520
42199,8454.1,104893792
42198,8459.65,121380176
42195,8360.55,158883920
42194,8328.55,135358656
42193,8363.05,193886992
42192,8510.8,126038232
42191,8522.15,104578128
42188,8484.9,91142976
42187,8444.9,115472144
42186,8453.05,135887472
42185,8368.5,163366256
42184,8318.4,136106704
42181,8381.1,113959472
42180,8398,207421344
42179,8360.85,134062736
42178,8381.55,135844704
42177,8353.1,126542472
42174,8224.95,151576000
42173,8174.6,149266112
42172,8091.55,157205712
42171,8047.3,127809456
42170,8013.9,137116384
42167,7982.9,140839872
42166,7965.35,171348960
42165,8124.45,141030208
42164,8022.4,140217680
42163,8044.15,140075744
42160,8114.7,167055312
42159,8130.65,159470848
42158,8135.1,176661648
42157,8236.45,151337664
42156,8433.4,125990616
42153,8433.65,375232192
42152,8319,239549056
42151,8334.6,170583408
42150,8339.35,120428896
42149,8370.25,125051168
42146,8458.95,193080656
42145,8421,148189488
42144,8423.25,127388800
42143,8365.65,144642336
42142,8373.65,153340464
42139,8262.35,133838056
42138,8224.2,138964400
42137,8235.45,175015184
42136,8126.95,178753984
42135,8325.25,197882944
42132,8191.5,188776096
42131,8057.3,166563664
42130,8097,212509840
42129,8324.8,156019936
42128,8331.95,136913824
42124,8181.5,281696256
42123,8239.75,174958512
42122,8285.6,183754624
42121,8213.8,174706336
42118,8305.25,177843968
42117,8398.3,169840752
42116,8429.7,176926944
42115,8377.75,418959072
42114,8448.1,154492320
42111,8606,155474160
42110,8706.7,149337168
42109,8750.2,170458016
42107,8834,122833400
42104,8780.35,141464352
42103,8778.3,158192912
42102,8714.4,149617728
42101,8660.3,141765376
42100,8659.9,150877856
42095,8586.25,136312448
42094,8491,177059504
42093,8492.3,142061296
42090,8341.4,198979328
42089,8342.15,288758336
42088,8530.8,165952160
42087,8542.95,161465472
42086,8550.9,155425776
42083,8570.9,179982752
42082,8634.65,168628416
42081,8685.9,161153536
42080,8723.3,182504640
42079,8633.15,168438048
42076,8647.75,184665968
42075,8776,179337984
42074,8699.95,178053296
42073,8712.05,168916336
42072,8756.75,160332832
42068,8937.75,165081472
42067,8922.65,256060368
42066,8996.25,183251968
42065,8956.75,224772592
42063,8901.85,246453952
42062,8844.6,257226272
42061,8683.85,224185488
42060,8767.25,139406592
42059,8762.1,154368608
42058,8754.95,143932320
42055,8833.6,203714864
42054,8895.3,219867392
42053,8869.1,152152800
42051,8809.35,140637328
42048,8805.5,228807808
42047,8711.55,163681344
42046,8627.4,166560864
42045,8565.55,202294688
42044,8526.35,151329600
42041,8661.05,176554080
42040,8711.7,179008848
42039,8723.7,201252368
42038,8756.55,208672176
42037,8797.4,216556528
42034,8808.9,275587968
42033,8952.35,264245840
42032,8914.3,190805920
42031,8910.5,192010528
42027,8835.6,197124704
42026,8761.4,180912368
42025,8729.5,191651008
42024,8695.6,158713840
42023,8550.7,129346424
42020,8513.8,181365904
42019,8494.15,232138800
42018,8277.55,150621632
42017,8299.4,129561888
42016,8323,103153904
42013,8284.5,152612528
42012,8234.6,143802800
42011,8102.1,164075424
42010,8127.35,172799616
42009,8378.4,118160544
42006,8395.45,101887024
42005,8284,56560412
42004,8282.7,84532600
42003,8248.25,77695768
42002,8246.3,82086032
41999,8200.7,75528704
41997,8174.1,221905872
41996,8267,132190368
41995,8324,139159664
41992,8225.2,174796496
41991,8159.3,162112016
41990,8029.8,216216144
41989,8067.6,197337632
41988,8219.6,137140608
41985,8224.1,138080912
41984,8292.9,133863000
41983,8355.65,136656352
41982,8340.7,146266704
41981,8438.25,163819536
41978,8538.3,143345552
41977,8564.4,143477232
41976,8537.65,153199344
41975,8524.7,137386976
41974,8555.9,151990640
41971,8588.25,197214624
41970,8494.2,194298608
41969,8475.75,151922496
41968,8463.1,271914176
41967,8530.15,140657504
41964,8477.35,137015456
41963,8401.9,122775992
41962,8382.3,125399136
41961,8425.9,134678944
41960,8430.75,113879136
41957,8389.9,146768576
41956,8357.85,127361048
41955,8383.3,125243328
41954,8362.65,122010840
41953,8344.25,130749016
41950,8337,153433696
41948,8338.3,161614928
41946,8324.15,141090160
41943,8322.2,176165088
41942,8169.2,205666560
41941,8090.45,148313088
41940,8027.6,124058568
41939,7991.7,132824880
41935,8014.55,19640498
41934,7995.9,151104464
41933,7927.75,163403392
41932,7879.4,176171568
41929,7779.7,177623200
41928,7748.2,213529472
41926,7864,225472736
41925,7884.25,118781368
41922,7859.95,142926896
41921,7960.55,123767808
41920,7842.7,135914080
41919,7852.4,148199504
41913,7945.55,112997912
41912,7964.8,141142064
41911,7958.9,97267976
41908,7968.85,147835872
41907,7911.85,231899008
41906,8002.4,182208496
41905,8017.55,140780912
41904,8146.3,105507264
41901,8121.45,161284512
41900,8114.75,116930312
41899,7975.5,123722392
41898,7932.9,127952552
41897,8042,96502560
41894,8105.5,111444352
41893,8085.7,122818160
41892,8094.1,107064328
41891,8152.95,104740544
41890,8173.9,120694392
41887,8086.85,125981096
41886,8095.95,141280512
41885,8114.6,150726992
41884,8083.05,134897504
41883,8027.7,139328064
41879,7954.35,189698800
41878,7936.05,119961224
41877,7904.75,142829728
41876,7906.3,118465592
41873,7913.2,104074856
41872,7891.1,115221672
41871,7875.3,117321408
41870,7897.5,140615184
41869,7874.25,126742200
41865,7791.7,127328104
41864,7739.55,154083920
41863,7727.05,120611664
41862,7625.95,106972576
41859,7568.55,118429656
41858,7649.25,116792296
41857,7672.05,116361344
41856,7746.55,128238760
41855,7683.65,137040000
41852,7602.6,181070400
41851,7721.3,208857264
41850,7791.4,178110080
41848,7748.7,116534672
41845,7790.45,153936032
41844,7830.6,117608368
41843,7795.75,122119112
41842,7767.85,120081152
41841,7684.2,105401280
41838,7663.9,134603072
41837,7640.45,141612000
41836,7624.4,167973296
41835,7526.65,122068672
41834,7454.15,135231216
41831,7459.6,187592944
41830,7567.75,258385776
41829,7585,168348848
41828,7623.2,180646304
41827,7787.15,173926352
41824,7751.6,113070488
41823,7714.8,133755272
41822,7725.15,136324336
41821,7634.7,139431504
41820,7611.35,152303168
41817,7508.8,126673392
41816,7493.2,171676960
41815,7569.25,114968328
41814,7580.2,137002480
41813,7493.35,127404792
41810,7511.45,124132216
41809,7540.7,148852432
41808,7558.2,165078944
41807,7631.7,157961792
41806,7533.55,155377984
41803,7542.1,174522336
41802,7649.9,148207136
41801,7626.85,186182448
41800,7656.4,188669184
41799,7654.6,231879920
41796,7583.4,248397600
41795,7474.1,250660656
41794,7402.25,204592240
41793,7415.85,234680224
41792,7362.5,169891184
41789,7229.95,312152576
41788,7235.65,241115392
41787,7329.65,175595616
41786,7318,168599280
41785,7359.05,273236352
41782,7367.1,259638080
41781,7276.4,240943904
41780,7252.9,203137824
41779,7275.5,255333088
41778,7263.55,316246560
41775,7203,393156736
41774,7123.15,186848480
41773,7108.75,177204160
41772,7108.75,232221728
41771,7014.25,157725088
41768,6858.8,166442784
41767,6659.85,101549744
41766,6652.55,114099792
41765,6715.3,88291416
41764,6699.35,104989656
41761,6694.8,114275320
41759,6696.4,161106864
41758,6715.25,115511528
41757,6761.25,118162672
41754,6782.75,154320800
41752,6840.8,182972976
41751,6815.35,114693048
41750,6817.65,111840312
41746,6779.4,131488368
41745,6675.3,119768832
41744,6733.1,123197824
41740,6776.3,140734576
41739,6796.4,191125952
41738,6796.2,169794624
41736,6695.05,133947320
41733,6694.35,155127584
41732,6736.1,197546656
41731,6752.55,173335872
41730,6721.05,147136672
41729,6704.2,177579424
41726,6695.9,134114376
41725,6641.75,312383456
41724,6601.4,186570480
41723,6589.75,168125056
41722,6583.5,158395728
41720,6494.9,9774392
41719,6493.2,189854416
41718,6483.1,141984192
41717,6524.05,172464720
41716,6516.65,179308608
41712,6504.2,177336096
41711,6493.1,167858384
41710,6516.9,174977072
41709,6511.9,238994880
41708,6537.25,242143696
41705,6526.65,284922336
41704,6401.15,180731808
41703,6328.65,160300064
41702,6297.95,166818928
41701,6221.45,144562336
41698,6276.95,209914256
41696,6238.8,181663808
41695,6200.05,146259296
41694,6186.1,144877040
41691,6155.45,112596128
41690,6091.45,132108928
41689,6152.75,95248832
41688,6127.1,126639144
41687,6073.3,108492456
41684,6048.35,140204480
41683,6001.1,153652368
41682,6084,138547392
41681,6062.7,150520896
41680,6053.45,133070328
41677,6063.2,181932288
41676,6036.3,185503328
41675,6022.4,166627312
41674,6000.9,183252656
41673,6001.8,134893584
41670,6089.5,146713088
41669,6073.7,208061424
41668,6120.25,146733024
41667,6126.25,184111744
41666,6135.85,190442608
41663,6266.75,160270848
41662,6345.65,120054600
41661,6338.95,137490528
41660,6313.8,141728384
41659,6303.95,122136072
41656,6261.65,167719504
41655,6318.9,153420448
41654,6320.9,145922864
41653,6241.85,110231152
41652,6272.75,135009952
41649,6171.45,159920400
41648,6168.35,150064464
41647,6174.6,146912640
41646,6162.25,138559008
41645,6191.45,118344976
41642,6211.15,139043888
41641,6221.15,158132560
41640,6301.65,69567664
41639,6304,103439312
41638,6291.1,101271824
41635,6313.8,96867392
41634,6278.9,182310256
41632,6268.4,107642912
41631,6284.5,131187584
41628,6274.25,171969984
41627,6166.65,437039200
41626,6217.15,243250560
41625,6139.05,154174704
41624,6154.7,146451536
41621,6168.4,169650656
41620,6237.05,148533904
41619,6307.9,148196400
41618,6332.85,242412864
41617,6363.9,198285632
41614,6259.9,158539888
41613,6241.1,186060464
41612,6160.95,186169072
41611,6201.85,156852592
41610,6217.85,145948272
41607,6176.1,190711120
41606,6091.85,195315808
41605,6057.1,124875896
41604,6059.1,150661392
41603,6115.35,127195088
41600,5995.45,134755920
41599,5999.05,137232016
41598,6122.9,155794832
41597,6203.35,161514064
41596,6189,163991216
41592,6056.15,154913920
41591,5989.6,162538224
41590,6018.05,153812592
41589,6078.8,146060448
41586,6140.75,150051984
41585,6187.25,168832432
41584,6215.15,157080256
41583,6253.15,181053760
41581,6317.35,23856924
41579,6307.2,191639792
41578,6299.15,239607120
41577,6251.7,177583840
41576,6220.9,197348368
41575,6101.1,146340688
41572,6144.9,144531456
41571,6164.35,176235552
41570,6178.35,188285216
41569,6202.8,161943728
41568,6204.95,196989072
41565,6189.35,250339952
41564,6045.85,230561456
41562,6089.05,218304336
41561,6112.7,142173632
41558,6096.2,180834256
41557,6020.95,159607328
41556,6007.45,192037120
41555,5928.4,158527600
41554,5906.15,156387952
41551,5907.3,191469248
41550,5909.7,199793232
41548,5780.05,159247088
41547,5735.3,155674704
41544,5833.2,163067920
41543,5882.25,220589744
41542,5873.85,200162192
41541,5892.45,187578144
41540,5889.75,188322512
41537,6012.1,318645280
41536,6115.55,287191712
41535,5899.45,153585488
41534,5850.2,157938736
41533,5840.55,219455840
41530,5850.6,190768448
41529,5850.7,272987232
41528,5913.15,265006816
41527,5896.75,275244160
41523,5680.4,253030736
41522,5592.95,274937504
41521,5448.1,237230496
41520,5341.45,250298848
41519,5550.75,214232448
41516,5471.8,336401696
41515,5409.05,326499264
41514,5285,335993760
41513,5287.45,306037024
41512,5476.5,241996352
41509,5471.75,251511904
41508,5408.45,284468544
41507,5302.55,255004304
41506,5401.45,261052800
41505,5414.75,219672816
41502,5507.85,248094096
41500,5742.3,223656480
41499,5699.3,222997344
41498,5612.4,195708480
41494,5565.65,204918720
41493,5519.1,245010768
41492,5542.25,216227968
41491,5685.4,197167952
41488,5677.9,222494464
41487,5727.85,216762208
41486,5742,235469136
41485,5755.05,181489168
41484,5831.65,173430608
41481,5886.2,174535664
41480,5907.5,237081136
41479,5990.5,151931744
41478,6077.8,126469248
41477,6031.8,115168336
41474,6029.2,163311712
41473,6038.05,171728128
41472,5973.3,191516160
41471,5955.25,151162816
41470,6030.8,116275728
41467,6009,127707080
41466,5935.1,120195680
41465,5816.7,117516352
41464,5859,110427864
41463,5811.55,127624736
41460,5867.9,123586416
41459,5836.95,151929184
41458,5770.9,160523856
41457,5857.55,145721792
41456,5898.85,144794032
41453,5842.2,214402432
41452,5682.35,239029424
41451,5588.7,160095936
41450,5609.1,196571536
41449,5590.25,193488576
41446,5667.65,182410576
41445,5655.9,198400128
41444,5822.25,115539008
41443,5813.6,117541144
41442,5850.05,107160888
41439,5808.4,124410016
41438,5699.1,142041408
41437,5760.2,140394432
41436,5788.8,180902128
41435,5878,100130736
41432,5881,118346368
41431,5921.4,114174696
41430,5923.85,110223280
41429,5919.45,114450872
41428,5939.3,112123536
41425,5985.95,175311984
41424,6124.05,194092800
41423,6104.3,120205056
41422,6111.25,139668912
41421,6083.15,115115368
41418,5983.55,161622560
41417,5967.05,198930496
41416,6094.5,133763688
41415,6114.1,130589232
41414,6156.9,122252976
41411,6187.3,147280256
41410,6169.9,158635504
41409,6146.75,153892848
41408,5995.4,119265480
41407,5980.45,107948704
41405,6107.25,7991165
41404,6094.75,111351576
41403,6050.15,109997280
41402,6069.3,122278696
41401,6043.55,136372976
41400,5971.05,110166712
41397,5944,145754272
41396,5999.35,162376432
41394,5930.2,153186192
41393,5904.1,118882088
41390,5871.45,141311872
41389,5916.3,199597728
41387,5836.9,132218360
41386,5834.4,135095792
41382,5783.1,149883472
41381,5688.7,154575408
41380,5688.95,142679248
41379,5568.4,142918224
41376,5528.55,127323272
41375,5594,146828496
41374,5558.7,128558760
41373,5495.1,138184704
41372,5542.95,97021472
41369,5553.25,137461472
41368,5574.75,134586976
41367,5672.9,140713328
41366,5748.1,106423848
41365,5704.4,97779720
41361,5682.55,209658944
41359,5641.6,126500528
41358,5633.85,150388816
41355,5651.35,165293296
41354,5658.75,179177568
41353,5694.4,187624848
41352,5745.95,182311872
41351,5835.25,102663400
41348,5872.6,152156672
41347,5908.95,149008432
41346,5851.2,116710808
41345,5914.1,115944392
41344,5942.35,125384920
41341,5945.7,150781152
41340,5863.3,134679760
41339,5818.6,156901392
41338,5784.25,154406128
41337,5698.5,144887328
41334,5719.7,174517984
41333,5693.05,334852896
41332,5796.9,175165936
41331,5761.35,157360224
41330,5854.75,125128736
41327,5850.3,157046864
41326,5852.25,159401232
41325,5943.05,135354160
41324,5939.7,100984776
41323,5898.2,114284192
41320,5887.4,125091944
41319,5896.95,143830560
41318,5932.95,142636640
41317,5922.5,142844560
41316,5897.85,121958664
41313,5903.5,192607376
41312,5938.8,157647184
41311,5959.2,157815920
41310,5956.9,136227504
41309,5987.25,141741872
41306,5998.9,159271136
41305,6034.75,168516752
41304,6055.75,124222856
41303,6049.9,157553760
41302,6074.8,113113008
41299,6074.65,147587200
41298,6019.35,185210192
41297,6054.3,136989184
41296,6048.5,129041712
41295,6082.3,130866384
41292,6064.4,186460704
41291,6039.2,178954864
41290,6001.85,128985952
41289,6056.6,138364000
41288,6024.05,134711344
41285,5951.3,128022000
41284,5968.65,129767384
41283,5971.5,129635568
41282,6001.7,109937504
41281,5988.4,110248016
41278,6016.15,113232992
41277,6009.5,99989936
41276,5993.25,116057392
41275,5950.85,77902744
41274,5905.1,64809640
41271,5908.35,89669024
41270,5870.1,139613232
41269,5905.6,83871328
41267,5855.75,85337000
41264,5847.7,141152912
41263,5916.4,123911216
41262,5929.6,149439200
41261,5896.8,148907328
41260,5857.9,109547000
41257,5879.6,115159832
41256,5851.5,136616336
41255,5888,132665648
41254,5898.8,137415168
41253,5908.9,95975760
41250,5907.4,127607080
41249,5930.9,140267072
41248,5900.5,139653952
41247,5889.25,131020192
41246,5870.95,113423352
41243,5879.85,257047984
41242,5825,207295472
41240,5727.45,134407728
41239,5635.9,79291424
41236,5626.6,85082224
41235,5627.75,94058608
41234,5614.8,105148728
41233,5571.55,107481296
41232,5571.4,106988016
41229,5574.05,121900568
41228,5631,133979472
41226,5666.95,16516842
41225,5683.7,92702800
41222,5686.25,98763128
41221,5738.75,117590264
41220,5760.1,133740616
41219,5724.4,115018800
41218,5704.2,74829216
41215,5697.7,111162840
41214,5645.05,107393400
41213,5619.7,112075312
41212,5597.9,116678776
41211,5665.6,93555816
41208,5664.3,101663824
41207,5705.3,158343056
41205,5691.4,81501424
41204,5717.15,103372320
41201,5684.25,124262816
41200,5718.7,144097856
41199,5660.25,123974368
41198,5648,117415704
41197,5687.25,93693480
41194,5676.05,130076800
41193,5708.05,148283840
41192,5652.15,126294360
41191,5704.6,119300416
41190,5676,142319008
41187,5746.95,255569808
41186,5787.6,171404288
41185,5731.25,165037856
41183,5718.8,123138512
41180,5703.3,163660800
41179,5649.5,238991696
41178,5663.45,170771072
41177,5673.9,341387104
41176,5669.6,210419440
41173,5691.15,278023840
41172,5554.25,165684944
41170,5600.05,175488960
41169,5610,258912784
41166,5577.65,233783024
41165,5435.35,110774176
41164,5431,139920864
41163,5390,112878088
41162,5363.45,109607504
41160,5358.7,11221064
41159,5342.1,149584720
41158,5238.4,134008568
41157,5225.7,126162072
41156,5274,106316880
41155,5253.75,110380872
41152,5258.5,167393904
41151,5315.05,226494000
41150,5287.8,157470624
41149,5334.6,123683720
41148,5350.25,89987568
41145,5386.7,114346968
41144,5415.35,127995888
41143,5412.85,103103504
41142,5421,124343360
41138,5366.3,134985472
41137,5362.95,133996944
41135,5380.35,109794400
41134,5347.9,107578776
41131,5320.4,130090984
41130,5322.95,181419776
41129,5338,165954896
41128,5336.7,130431592
41127,5282.55,103148080
41124,5215.7,112918656
41123,5227.75,92972384
41122,5240.5,113815728
41121,5229,147059808
41120,5199.8,117523736
41117,5099.85,131948376
41116,5043,180131632
41115,5109.6,130965624
41114,5128.2,116516928
41113,5117.95,104770320
41110,5205.1,89729408
41109,5242.7,109769280
41108,5216.3,109647296
41107,5192.85,111768112
41106,5197.25,106313144
41103,5227.25,99045088
41102,5235.25,131190832
41101,5306.3,113530680
41100,5345.35,123947632
41099,5275.15,101169928
41096,5316.95,113300728
41095,5327.3,118915392
41094,5302.55,155995888
41093,5287.95,133117056
41092,5278.6,126161440
41089,5278.9,226523600
41088,5149.15,143073792
41087,5141.9,112269216
41086,5120.8,99404568
41085,5114.65,123503008
41082,5146.05,159747200
41081,5165,142992944
41080,5120.55,160505648
41079,5103.85,149416160
41078,5064.25,153461072
41075,5139.05,155437152
41074,5054.75,118353368
41073,5121.45,125668128
41072,5115.9,135478016
41071,5054.1,125615104
41068,5068.35,138389392
41067,5049.65,150558160
41066,4997.1,185340400
41065,4863.3,141476960
41064,4848.15,152339872
41061,4841.6,138767424
41060,4924.25,296911392
41059,4950.75,146005248
41058,4990.1,124219840
41057,4985.65,97260992
41054,4920.4,118191160
41053,4921.4,140474832
41052,4835.65,136108064
41051,4860.5,130808280
41050,4906.05,116506968
41047,4891.45,154508656
41046,4870.2,155654032
41045,4858.25,165048512
41044,4942.8,142119568
41043,4907.8,126951752
41040,4928.9,138526064
41039,4965.7,141031232
41038,4974.8,180441216
41037,4999.95,164262544
41036,5114.15,168271792
41033,5086.85,153304688
41032,5188.4,118574000
41031,5239.15,119333288
41029,5248.15,108138552
41027,5209,6555703
41026,5190.6,128759448
41025,5189,185899440
41024,5202,142910736
41023,5222.65,155674656
41022,5200.6,138042336
41019,5290.85,135252752
41018,5332.4,133549896
41017,5300,152743440
41016,5289.7,178895424
41015,5226.2,119730344
41012,5207.45,164225856
41011,5276.85,152684784
41010,5226.85,167013520
41009,5243.6,156106800
41008,5234.4,111914936
41003,5322.9,122106160
41002,5358.5,152496496
41001,5317.9,134538288
40998,5295.55,164790048
40997,5178.85,242557888
40996,5194.75,145803600
40995,5243.15,208775424
40994,5184.25,169785840
40991,5278.2,172738576
40990,5228.45,205581056
40989,5364.95,199787984
40988,5274.85,181345280
40987,5257.05,179877456
40984,5317.9,267521152
40983,5380.5,160257648
40982,5463.9,181714064
40981,5429.5,179965296
40980,5359.55,176668240
40977,5333.55,203005840
40975,5220.45,230726016
40974,5222.4,290396000
40973,5280.35,196421152
40971,5359.4,16770991
40970,5359.35,185021520
40969,5339.75,196867904
40968,5385.2,226022240
40967,5375.5,208133888
40966,5281.2,235318960
40963,5429.3,364660640
40962,5483.3,307246528
40961,5505.35,263013424
40960,5607.15,231132128
40956,5564.3,329307520
40955,5521.95,270060480
40954,5531.95,314366080
40953,5416.05,201410000
40952,5390.2,181561904
40949,5381.6,225352096
40948,5412.35,255306960
40947,5368.15,236135424
40946,5335.15,181194560
40945,5361.65,215080480
40942,5325.85,217358192
40941,5269.9,337960640
40940,5235.7,234899360
40939,5199.25,215770720
40938,5087.3,181141440
40935,5204.7,215923376
40933,5158.3,219175712
40932,5127.35,202006560
40931,5046.25,158177568
40928,5048.6,221048000
40927,5018.4,203487616
40926,4955.8,211198800
40925,4967.3,223004176
40924,4873.9,160479888
40921,4866,230940608
40920,4831.25,183068704
40919,4860.95,209079760
40918,4849.55,201661168
40917,4742.8,147534544
40915,4746.9,18783880
40914,4754.1,176057280
40913,4749.95,177862944
40912,4749.65,165938848
40911,4765.3,146621120
40910,4636.75,108460672
40907,4624.3,113900728
40906,4646.25,146003808
40905,4705.8,117463488
40904,4750.5,104828344
40903,4779,90847992
40900,4714,141982544
40899,4733.85,170789008
40898,4693.15,211310864
40897,4544.2,195304592
40896,4613.1,176447664
40893,4651.6,202060032
40892,4746.35,200317856
40891,4763.25,176252160
40890,4800.6,181043712
40889,4764.6,178338176
40886,4866.7,173612816
40885,4943.65,178853360
40884,5062.6,169428272
40882,5039.15,137254416
40879,5050.15,180190928
40878,4936.85,183915792
40877,4832.05,282217856
40876,4805.1,155570320
40875,4851.3,145259104
40872,4710.05,162839552
40871,4756.45,213363088
40870,4706.45,178819376
40869,4812.35,174212432
40868,4778.35,154119328
40865,4905.8,192274368
40864,4934.75,149238976
40863,5030.45,161406880
40862,5068.5,149592576
40861,5148.35,134448096
40858,5168.85,168514208
40856,5221.05,146428608
40855,5289.35,120652008
40851,5284.2,149015824
40850,5265.75,160282800
40849,5258.45,144375104
40848,5257.95,152491920
40847,5326.6,149483504
40844,5360.7,246078416
40842,5201.8,27496888
40841,5191.6,221084592
40840,5098.35,126073192
40837,5049.95,109893600
40836,5091.9,119333984
40835,5139.15,117468752
40834,5037.5,125550568
40833,5118.25,130460984
40830,5132.3,157781872
40829,5077.85,157302816
40828,5099.4,188008560
40827,4974.35,182038768
40826,4979.6,188839552
40823,4888.05,198288784
40821,4751.3,179140480
40820,4772.15,184413296
40819,4849.5,148921568
40816,4943.25,201962112
40815,5015.45,216156096
40814,4945.9,166872416
40813,4971.25,151313968
40812,4835.4,156079488
40809,4867.75,205769424
40808,4923.65,147608384
40807,5133.25,132918168
40806,5140.2,146599488
40805,5031.95,115737840
40802,5084.25,225187232
40801,5075.7,153648928
40800,5012.55,154276768
40799,4940.95,146005264
40798,4946.8,135500224
40795,5059.45,158713072
40794,5153.25,140855344
40793,5124.65,193856208
40792,5064.3,183680000
40791,5017.2,162898224
40788,5040,195055968
40785,5001,181539728
40784,4919.6,145125312
40781,4747.8,149717728
40780,4839.6,184913408
40779,4888.9,129410656
40778,4948.9,130010440
40777,4898.8,123813920
40774,4845.65,166702432
40773,4944.15,139816128
40772,5056.6,143342016
40771,5035.8,130896704
40767,5072.95,128834808
40766,5138.3,113043480
40765,5161,158404448
40764,5072.85,233869008
40763,5118.5,188307024
40760,5211.25,196016864
40759,5331.8,118482440
40758,5404.8,133223864
40757,5456.55,110372240
40756,5516.8,98962728
40753,5482,156128912
40752,5487.75,164522144
40751,5546.8,122321152
40750,5574.85,134108560
40749,5680.3,142008192
40746,5633.95,106781616
40745,5541.6,76327640
40744,5567.05,87093216
40743,5613.55,86555648
40742,5567.05,73604992
40739,5581.1,80426784
40738,5599.8,123015472
40737,5585.45,106019576
40736,5526.15,104907104
40735,5616.1,78899704
40732,5660.65,129276448
40731,5728.95,112220296
40730,5625.45,86109912
40729,5632.1,100776400
40728,5650.5,103528864
40725,5627.2,141092480
40724,5647.4,179224272
40723,5600.45,124593984
40722,5545.3,114413704
40721,5526.6,143402400
40718,5471.25,140100080
40717,5320,89001344
40716,5278.3,95769496
40715,5275.85,107191672
40714,5257.9,135334880
40711,5366.4,97876272
40710,5396.75,128063496
40709,5447.5,95878888
40708,5500.5,97840488
40707,5482.8,80104904
40704,5485.8,84190280
40703,5521.05,87033656
40702,5526.85,92928672
40701,5556.15,81858400
40700,5532.05,77137320
40697,5516.75,101017576
40696,5550.35,110949184
40695,5592,98629280
40694,5560.15,149409712
40693,5473.1,100764848
40690,5476.1,117233304
40689,5412.35,161608080
40688,5348.95,99917760
40687,5394.85,100052472
40686,5386.55,94674112
40683,5486.35,127399856
40682,5428.1,94180688
40681,5420.6,107357672
40680,5438.95,109199264
40679,5499,94219160
40676,5544.75,119423856
40675,5486.15,91624736
40674,5565.05,82509136
40673,5541.25,88822800
40672,5551.1,75438944
40669,5551.45,122684320
40668,5459.85,126424544
40667,5537.15,119083248
40666,5565.25,125522832
40665,5701.3,86514384
40662,5749.5,184751760
40661,5785.45,159344928
40660,5833.9,108740520
40659,5868.4,117166768
40658,5874.5,94377008
40654,5884.7,119753920
40653,5851.65,117896056
40652,5740.75,101237488
40651,5729.1,121111080
40648,5824.55,140590400
40646,5911.5,145699904
40644,5785.7,92734128
40641,5842,99854768
40640,5885.7,98160760
40639,5891.75,125960704
40638,5910.05,110625440
40637,5908.45,106392424
40634,5826.05,118321856
40633,5833.75,219441120
40632,5787.65,133208728
40631,5736.35,140479344
40630,5687.25,130717968
40627,5654.25,133451384
40626,5522.4,115262056
40625,5480.25,112036400
40624,5413.85,94938096
40623,5364.75,107174728
40620,5373.7,129492416
40619,5446.65,135255696
40618,5511.15,135196752
40617,5449.65,191037600
40616,5531.5,173521760
40613,5445.45,133441968
40612,5494.4,135730112
40611,5531,149822864
40610,5520.8,127506672
40609,5463.15,134581632
40606,5538.75,162006864
40605,5536.2,218804800
40603,5522.3,210498272
40602,5333.25,317245760
40599,5303.55,193536320
40598,5262.7,259347680
40597,5437.35,173584656
40596,5469.2,166271408
40595,5518.6,137634032
40592,5458.95,180906496
40591,5546.45,143669616
40590,5481.7,140517184
40589,5481,170459696
40588,5456,175710336
40585,5310,211250592
40584,5225.8,225237984
40583,5253.55,246525936
40582,5312.55,155600256
40581,5396,150447072
40578,5395.75,187819536
40577,5526.75,154228752
40576,5432,172198224
40575,5417.2,171232064
40574,5505.9,177847680
40571,5512.15,173107008
40570,5604.3,201496672
40568,5687.4,126128664
40567,5743.25,108832160
40564,5696.5,119990784
40563,5711.6,130496984
40562,5691.05,146719936
40561,5724.05,141008896
40560,5654.75,148497104
40557,5654.55,174568448
40556,5751.9,175347536
40555,5863.25,188116992
40554,5754.1,161261696
40553,5762.85,156945856
40550,5904.6,171809104
40549,6048.25,152338976
40548,6079.8,139614192
40547,6146.35,181727904
40546,6157.6,96028640
40543,6134.5,113754904
40542,6101.85,194348272
40541,6060.35,92994808
40540,5996,90722184
40539,5998.1,95958320
40536,6011.6,123574632
40535,5980,85460032
40534,5984.4,118823296
40533,6000.65,126542976
40532,5947.05,121821488
40528,5948.75,149826688
40527,5892.3,126323112
40526,5944.1,125296904
40525,5907.65,138228656
40522,5857.35,167487936
40521,5766.5,169510912
40520,5903.7,122572792
40519,5976.55,145410816
40518,5992.25,145317168
40515,5992.8,165379296
40514,6011.7,197376736
40513,5960.9,173354992
40512,5862.7,217959200
40511,5830,155071024
40508,5751.95,287201248
40507,5799.75,371673472
40506,5865.75,125846536
40505,5934.75,158866288
40504,6010,123423128
40501,5890.3,150744320
40500,5998.8,190221312
40498,5988.7,139191488
40497,6121.6,124265952
40494,6071.65,155200160
40493,6194.25,169295904
40492,6275.7,125609848
40491,6301.55,139822784
40490,6273.2,153925616
40487,6312.45,27174948
40486,6281.8,125032368
40485,6160.5,111324416
40484,6119,122092224
40483,6117.55,128909528
40480,6017.7,137878160
40479,5987.7,228786624
40478,6012.65,116710584
40477,6082,113451560
40476,6105.8,123118096
40473,6066.05,109374888
40472,6101.5,123101280
40471,5982.1,105107008
40470,6027.3,130458480
40469,6075.95,138750720
40466,6062.65,111058424
40465,6177.35,128486392
40464,6233.9,148662528
40463,6090.9,109943864
40462,6135.85,115776688
40459,6103.45,134638720
40458,6120.3,168880944
40457,6186.45,152497664
40456,6145.8,145235424
40455,6159.45,184600416
40452,6143.4,179173856
40451,6029.95,217770240
40450,5991.3,183154448
40449,6029.5,170651344
40448,6035.65,166773888
40445,6018.3,176456880
40444,5959.55,135577520
40443,5991,170150336
40442,6009.05,200950464
40441,5980.45,193474672
40438,5884.95,211380368
40437,5828.7,192466128
40436,5860.95,187206096
40435,5795.55,188426976
40434,5760,152799952
40430,5640.05,138061072
40429,5607.85,135333280
40428,5604,177476992
40427,5576.95,158938304
40424,5479.4,146809472
40423,5486.15,159665616
40422,5471.85,144228496
40421,5402.4,157131376
40420,5415.45,113842560
40417,5408.7,142325824
40416,5477.9,186378288
40415,5462.35,157764416
40414,5505.1,139147472
40413,5543.5,118735152
40410,5530.65,144072384
40409,5540.2,167740832
40408,5479.15,154252400
40407,5414.15,138282192
40406,5418.3,189453488
40403,5452.1,154913632
40402,5416.45,172039392
40401,5420.6,174632656
40400,5460.7,164218112
40399,5486.15,137005280
40396,5439.25,116668080
40395,5447.1,119699728
40394,5467.85,120781456
40393,5439.55,130727920
40392,5431.65,104231288
40389,5367.6,131797424
40388,5408.9,162309104
40387,5397.55,146938752
40386,5430.6,155306192
40385,5418.6,147330368
40382,5449.1,165925952
40381,5441.95,155995088
40380,5399.35,122859040
40379,5368,121626464
40378,5386.45,116584792
40375,5393.9,143220576
40374,5378.75,155118832
40373,5386.15,211034896
40372,5400.65,226045984
40371,5383,189500080
40368,5352.45,216660640
40367,5296.85,127297128
40366,5241.1,132390232
40365,5289.05,115506192
40364,5235.9,100621416
40361,5237.1,149979344
40360,5251.4,141430944
40359,5312.5,183722816
40358,5256.15,158720256
40357,5333.5,154140416
40354,5269.05,164967808
40353,5320.6,218787104
40352,5323.15,150160464
40351,5316.55,162043360
40350,5353.3,186200096
40347,5262.6,205198160
40346,5274.85,189953728
40345,5233.35,203727424
40344,5222.35,218930464
40343,5197.7,158831200
40340,5119.35,198342048
40339,5078.6,176853392
40338,5000.3,199912928
40337,4987.1,180656560
40336,5034,175607168
40333,5135.5,174561312
40332,5110.5,174606400
40331,5019.85,217930816
40330,4970.2,183016032
40329,5086.3,179398976
40326,5066.55,187947936
40325,5003.1,238270064
40324,4917.4,221985120
40323,4806.75,198187216
40322,4943.95,184424848
40319,4931.15,230483808
40318,4947.6,197303328
40317,4919.65,212950384
40316,5066.2,137027232
40315,5059.9,169306800
40312,5093.5,144381008
40311,5178.9,179378576
40310,5156.65,187111360
40309,5136.15,168751936
40308,5193.6,191632768
40305,5018.05,233345728
40304,5090.85,192105712
40303,5124.9,207679136
40302,5148.5,145539728
40301,5222.75,111445664
40298,5278,152495264
40297,5254.15,171683424
40296,5215.45,178645120
40295,5308.35,144428512
40294,5322.45,127022480
40291,5304.1,154120416
40290,5269.35,180286080
40289,5244.9,196901600
40288,5230.1,199478128
40287,5203.65,155321408
40284,5262.6,151013520
40283,5273.6,195013232
40281,5322.95,126581808
40280,5339.7,134902000
40277,5361.75,154497744
40276,5304.45,156785888
40275,5374.65,166790256
40274,5366,147051904
40273,5368.4,132419864
40269,5290.5,127773264
40268,5249.1,147618688
40267,5262.45,133483768
40266,5302.85,132186440
40263,5282,140965568
40262,5260.4,207844848
40260,5225.3,146479808
40259,5205.2,130039408
40256,5262.8,136871840
40255,5245.9,160336720
40254,5231.9,169767104
40253,5198.1,120692488
40252,5128.9,134878672
40249,5137,152561760
40248,5133.4,155698048
40247,5116.25,167174528
40246,5101.5,158734704
40245,5124,187964704
40242,5088.7,209604752
40241,5080.25,205104944
40240,5088.1,191791760
40239,5017,233127104
40235,4922.3,341137152
40234,4859.75,179443120
40233,4858.6,141213472
40232,4870.05,129233920
40231,4856.4,149362400
40228,4844.9,194311312
40227,4887.75,193513232
40226,4914,176502272
40225,4855.75,156011232
40224,4801.95,153758928
40220,4826.85,142638464
40219,4757.2,185053440
40218,4792.65,175452496
40217,4760.4,205364368
40215,4757.25,22091128
40214,4718.65,222362368
40213,4845.35,167815136
40212,4931.85,163105440
40211,4830.1,235090752
40210,4899.7,226819472
40207,4882.05,265191792
40206,4867.25,275868896
40205,4853.1,274773824
40203,5007.9,166405392
40200,5036,270251968
40199,5094.15,190009424
40198,5221.7,167867200
40197,5225.65,141424528
40196,5274.85,153687600
40193,5252.2,167242352
40192,5259.9,171282624
40191,5233.95,200774544
40190,5210.4,206748016
40189,5249.4,238011952
40186,5244.75,201910800
40185,5263.1,181246736
40184,5281.8,216147840
40183,5277.9,240844416
40182,5232.2,148652416
40178,5201.05,188092944
40177,5169.45,147546800
40176,5187.95,160527904
40171,5178.4,202176016
40170,5144.6,250734144
40169,4985.85,164377136
40168,4952.6,168156864
40165,4987.7,199329424
40164,5041.75,219465264
40163,5042.05,202112016
40162,5033.05,198962368
40161,5105.7,171684928
40158,5117.3,207026464
40157,5134.65,212775680
40156,5112,240039264
40155,5147.95,222744000
40154,5066.7,213116928
40151,5108.9,207469824
40150,5131.7,225726208
40149,5123.25,284763872
40148,5122,301878688
40147,5032.7,299569184
40144,4941.75,304958880
40143,5005.55,250067344
40142,5108.15,185171472
40141,5090.55,201324272
40140,5103.55,193875424
40137,5052.45,289285216
40136,4989,286198272
40135,5054.7,204346736
40134,5062.25,211034144
40133,5058.05,218547712
40130,4998.95,217419904
40129,4952.65,282046048
40128,5003.95,251115664
40127,4881.7,273281600
40126,4898.4,242563824
40123,4796.15,279503744
40122,4765.55,337186112
40121,4710.8,342877728
40120,4563.9,319392352
40116,4711.7,321182336
40115,4750.55,354052800
40114,4826.15,291607712
40113,4846.7,324126848
40112,4970.9,201756768
40109,4997.05,223335504
40108,4988.6,219560144
40107,5063.6,206631728
40106,5114.45,199616624
40103,5141.8,41376776
40102,5142.15,208175456
40101,5108.85,258099952
40100,5118.2,243364400
40098,5054.25,187302256
40095,4945.2,215439680
40094,5002.25,294680000
40093,4985.75,266221984
40092,5027.4,367279776
40091,5003.2,239335072
40087,5083.4,224761216
40086,5083.95,184790304
40085,5006.85,174803952
40081,4958.95,179960704
40080,4986.55,266932032
40079,4969.95,213349264
40078,5020.2,189005728
40074,4976.05,222101072
40073,4965.55,270017280
40072,4958.4,240095216
40071,4892.1,215325856
40070,4808.6,168557296
40067,4829.55,236392560
40066,4819.4,235712400
40065,4814.25,239157616
40064,4805.25,310692736
40063,4782.9,243162112
40060,4680.4,243559408
40059,4593.55,245965168
40058,4608.35,265745952
40057,4625.35,332639040
40056,4662.1,355947872
40053,4732.35,285794816
40052,4688.2,230998336
40051,4680.85,208840336
40050,4659.35,248995056
40049,4642.8,207902560
40046,4528.8,185694576
40045,4453.45,166600976
40044,4394.1,254668768
40043,4458.9,265217120
40042,4387.9,252330560
40039,4580.05,222992688
40038,4605,253540976
40037,4457.5,274149376
40036,4471.35,250129712
40035,4437.65,284079072
40032,4481.4,266871984
40031,4585.5,278150688
40030,4694.15,244640640
40029,4680.5,322871840
40028,4711.4,277002688
40025,4636.45,300437152
40024,4571.45,338985376
40023,4513.5,368035712
40022,4564.1,382344576
40021,4572.3,277017440
40018,4568.55,351255584
40017,4523.75,273052128
40016,4398.9,337796928
40015,4469.1,311984320
40014,4502.25,280309312
40011,4374.95,250233024
40010,4231.4,292288352
40009,4233.5,254611952
40008,4111.4,242076784
40007,3974.05,273186880
40004,4003.9,303001024
40003,4080.95,406359488
40002,4078.9,339578432
40001,4202.15,290916000
40000,4165.7,365737760
39997,4424.25,224680240
39996,4348.85,259079392
39995,4340.9,289982752
39994,4291.1,336647008
39993,4390.95,293321344
39990,4375.5,284570048
39989,4241.85,407987744
39988,4292.95,311199168
39987,4247,339990208
39986,4235.25,270808672
39983,4313.6,350066880
39982,4251.4,373404832
39981,4356.15,327627936
39980,4517.8,320009280
39979,4484,322454080
39976,4583.4,351580416
39975,4637.7,391597856
39974,4655.25,392189760
39973,4550.95,414282848
39972,4429.9,370092832
39969,4586.9,409906848
39968,4572.65,424050720
39967,4530.7,415829536
39966,4525.25,396327456
39965,4529.9,464256416
39962,4448.95,506796288
39961,4337.1,460439872
39960,4276.05,353499616
39959,4116.7,308739520
39958,4237.55,299302976
39955,4238.5,284165376
39954,4210.9,353070400
39953,4270.3,471343168
39952,4318.45,670982336
39951,4323.15,2768292
39948,3671.65,300880800
39947,3593.45,288154272
39946,3635.25,360452736
39945,3681.1,366055488
39944,3554.6,285340640
39941,3620.7,291694976
39940,3683.9,326304608
39939,3625.05,408101632
39938,3661.9,442066432
39937,3654,363866112
39932,3473.95,483582304
39931,3362.35,287134656
39930,3470,315936288
39927,3480.75,306127712
39926,3423.7,315691104
39925,3330.3,327292992
39924,3365.3,344666560
39923,3377.1,341798656
39920,3384.4,491159904
39919,3369.5,559549952
39918,3484.15,458489472
39916,3382.6,331534304
39912,3342.05,414637952
39911,3342.95,409030240
39909,3256.6,357065600
39905,3211.05,370836224
39904,3060.35,319351584
39903,3020.95,341399200
39902,2978.15,275780448
39899,3108.65,326572512
39898,3082.25,416183648
39897,2984.35,383648320
39896,2938.7,383082208
39895,2939.9,251175680
39892,2807.05,186838912
39891,2807.15,223408432
39890,2794.7,261792176
39889,2757.45,288783936
39888,2777.25,263132016
39885,2719.25,263891936
39884,2617.45,213787840
39881,2573.15,166405856
39878,2620.15,242507552
39877,2576.7,244865120
39876,2645.2,202951344
39875,2622.4,217640320
39874,2674.6,194233264
39871,2763.65,231156640
39870,2785.65,250174336
39869,2762.5,176810272
39868,2733.9,182635360
39864,2736.45,154745744
39863,2789.35,174587984
39862,2776.15,214158736
39861,2770.5,191433120
39860,2848.5,246055792
39857,2948.35,195716592
39856,2893.05,214711776
39855,2925.7,243361536
39854,2934.5,301746240
39853,2919.9,186517520
39850,2843.1,187961184
39849,2780.05,178483520
39848,2803.05,204148864
39847,2783.9,256258000
39846,2766.65,234936112
39843,2874.8,295003392
39842,2823.95,347833248
39841,2849.5,280820320
39840,2771.35,218653536
39836,2678.55,211289360
39835,2713.8,229571568
39834,2706.15,220067232
39833,2796.6,233289328
39832,2846.2,328336128
39829,2828.45,229499648
39828,2736.7,214276464
39827,2835.3,217305120
39826,2744.95,252698256
39825,2773.1,272857536
39822,2873,591981632
39820,2920.4,686887168
39819,3112.8,340452928
39818,3121.45,311929376
39815,3046.75,318672512
39814,3033.45,226681072
39813,2959.15,288826400
39812,2979.5,302749120
39811,2922.2,335171808
39808,2857.25,237935392
39806,2916.85,380460896
39805,2968.65,303129440
39804,3039.3,315828832
39801,3077.5,386314144
39800,3060.75,377032480
39799,2954.35,344614848
39798,3041.75,270617312
39797,2981.2,293737824
39794,2921.35,284387904
39793,2920.15,352210656
39792,2928.25,370599328
39790,2784,311403328
39787,2714.4,319248256
39786,2788,324139008
39785,2656.45,282545088
39784,2657.8,261046128
39783,2682.9,257834560
39780,2755.1,296322560
39778,2752.25,269948768
39777,2654,214273360
39776,2708.25,236734128
39773,2693.45,281157792
39772,2553.15,204791424
39771,2635,230509312
39770,2683.15,220175376
39769,2799.55,251219584
39766,2810.35,256741632
39764,2848.45,250460112
39763,2938.65,221654128
39762,3148.25,250699616
39759,2973,246638144
39758,2892.65,268176656
39757,2994.95,305687552
39756,3142.1,304612896
39755,3043.85,240432288
39752,2885.6,320461920
39750,2697.05,361640512
39749,2684.6,51206468
39748,2524.2,341119936
39745,2584,348593408
39744,2943.15,234028384
39743,3065.15,171324336
39742,3234.9,225588992
39741,3122.8,185814896
39738,3074.35,193315456
39737,3269.3,234074832
39736,3338.4,163717680
39735,3518.65,177533440
39734,3490.7,195171232
39731,3279.95,283840544
39729,3513.65,228576000
39728,3606.6,210221888
39727,3602.35,157489984
39724,3818.3,172515664
39722,3950.75,149827472
39721,3921.2,217095424
39720,3850.05,187237456
39717,3985.25,133851368
39716,4110.55,217958848
39715,4161.25,156072256
39714,4126.9,125527288
39713,4223.05,136005040
39710,4245.25,205152256
39709,4038.15,203045888
39708,4008.25,153241488
39707,4074.9,159505024
39706,4072.9,147158816
39703,4228.45,145748448
39702,4290.3,116723064
39701,4400.25,134790272
39700,4468.7,95544720
39699,4482.3,117221176
39696,4352.3,108527040
39695,4447.75,114626208
39693,4504,129292704
39692,4348.65,82970536
39689,4360,111455760
39688,4214,160482432
39687,4292.1,84380600
39686,4337.5,86255168
39685,4335.35,79239792
39682,4327.45,101435360
39681,4283.85,91313624
39680,4415.75,89401216
39679,4368.25,96476192
39678,4393.05,96197992
39674,4430.7,94977928
39673,4529.05,105386816
39672,4552.25,123225936
39671,4620.4,112939704
39668,4529.5,114202272
39667,4523.85,133711936
39666,4517.55,175494656
39665,4502.85,193928624
39664,4395.35,131343664
39661,4413.55,178077600
39660,4332.95,199677040
39659,4313.55,151936256
39658,4189.85,125806256
39657,4332.1,111107968
39654,4311.85,161626208
39653,4433.55,176953952
39652,4476.8,233619120
39651,4240.1,165646080
39650,4159.5,136658848
39647,4092.25,175068352
39646,3947.2,179945120
39645,3816.7,175507696
39644,3861.1,141873888
39643,4039.7,125910144
39640,4049,136815744
39639,4162.2,146413584
39638,4157.1,144530544
39637,3988.55,135090960
39636,4030,125737240
39633,4016,152045344
39632,3925.75,154492512
39631,4093.35,199762144
39630,3896.75,164469216
39629,4040.55,144491248
39626,4136.65,177161264
39625,4315.85,195949056
39624,4252.65,151937776
39623,4191.1,132368704
39622,4266.4,126308232
39619,4347.55,133100872
39618,4504.25,102141832
39617,4582.4,136854528
39616,4653,107121096
39615,4572.5,111415056
39612,4517.1,139529712
39611,4539.35,163967536
39610,4523.6,166122960
39609,4449.8,165412480
39608,4500.95,175247904
39605,4627.8,132088976
39604,4676.95,168870528
39603,4585.6,154817088
39602,4715.9,140731712
39601,4739.6,118396816
39598,4870.1,138615040
39597,4835.3,194902304
39596,4918.35,140737264
39595,4859.8,120401072
39594,4875.05,124347608
39591,4946.55,152368192
39590,5025.45,113504128
39589,5117.65,163032544
39588,5104.95,158771312
39584,5157.7,152622288
39583,5115.25,150785600
39582,5011.75,147687968
39581,4957.8,158383760
39580,5012.65,150697808
39577,4982.6,142285968
39576,5081.7,127167888
39575,5135.5,153383744
39574,5144.65,131304560
39573,5192.25,125633200
39570,5228.2,131235968
39568,5165.9,146207360
39567,5195.5,214907536
39566,5089.65,110778896
39563,5111.7,134446384
39562,4999.85,154288464
39561,5022.8,144556240
39560,5049.3,126753232
39559,5037,110415216
39555,4958.4,135283520
39554,4887.3,137210752
39553,4879.65,152074624
39549,4777.8,132773088
39548,4733,150143632
39547,4747.05,101412888
39546,4709.65,113745560
39545,4761.2,124925088
39542,4647,131511152
39541,4771.6,124590968
39540,4754.2,114662856
39539,4739.55,119878712
39538,4734.5,147198992
39535,4942,162591648
39534,4830.25,180115312
39533,4828.85,126100232
39532,4877.5,142368112
39531,4609.85,123982176
39526,4573.95,158510128
39525,4533,169443712
39524,4503.1,143351904
39521,4745.8,162086816
39520,4623.6,137642256
39519,4872,135041616
39518,4865.9,158758912
39517,4800.4,155880416
39514,4771.6,145781136
39512,4921.4,114716080
39511,4864.25,150838864
39510,4953,150741264
39507,5223.5,165090048
39506,5285.1,107979320
39505,5268.4,89572144
39504,5270.05,86095952
39503,5200.7,78356312
39500,5110.75,72074264
39499,5191.8,89877232
39498,5154.45,89864864
39497,5280.8,88665216
39496,5276.9,77582928
39493,5302.9,110542256
39492,5202,106428408
39491,4929.45,104398928
39490,4838.25,102361136
39489,4857,125724864
39486,5120.35,108946728
39485,5133.25,103085488
39484,5322.55,106120960
39483,5483.9,96486504
39482,5463.5,105717280
39479,5317.25,106703464
39478,5137.45,187488592
39477,5167.6,101260488
39476,5280.8,98433920
39475,5274.1,94467184
39472,5383.35,105876184
39471,5033.45,145348640
39470,5203.4,172629968
39469,4899.3,200603280
39468,5208.8,211345312
39465,5705.3,135742144
39464,5913.2,127177640
39463,5935.75,152494880
39462,6074.25,117677696
39461,6206.8,110909512
39458,6200.1,125140496
39457,6156.95,133662128
39456,6272,120853352
39455,6287.85,162564128
39454,6279.1,139608832
39451,6274.3,147629072
39450,6178.55,156357760
39449,6179.4,110353304
39448,6144.35,81305344
